transaction_id,date,category,region,quantity,unit_price,payment_type,customer_age,total_value
TXN00001,2024-01-01 00:00:00,Books,West,8,429.2,Credit Card,30.0,3433.6
TXN00002,2024-01-01 06:00:00,Sports,East,5,469.66,PayPal,46.0,2348.3
TXN00003,2024-01-01 12:00:00,Home & Garden,South,2,248.72,Credit Card,52.0,497.44
TXN00004,2024-01-01 18:00:00,Sports,North,6,351.93,Credit Card,71.0,2111.58
TXN00005,2024-01-02 00:00:00,Sports,Central,8,428.5,Cash,25.0,3428.0
TXN00006,2024-01-02 06:00:00,Clothing,Central,4,212.05,Cash,46.0,848.2
TXN00007,2024-01-02 12:00:00,Home & Garden,North,2,158.16,Debit Card,48.0,316.32
TXN00008,2024-01-02 18:00:00,Home & Garden,North,5,468.68,Cash,58.0,2343.4
TXN00009,2024-01-03 00:00:00,Home & Garden,South,2,260.26,Credit Card,47.0,520.52
TXN00010,2024-01-03 06:00:00,Sports,East,2,251.14,Cash,39.0,502.28
TXN00011,2024-01-03 12:00:00,Books,Central,6,93.32,Credit Card,38.0,559.92
TXN00012,2024-01-03 18:00:00,Home & Garden,South,9,58.54,PayPal,29.0,526.86
TXN00013,2024-01-04 00:00:00,Sports,East,4,421.84,Credit Card,28.0,1687.36
TXN00014,2024-01-04 06:00:00,Clothing,South,6,309.0,Debit Card,19.0,1854.0
TXN00015,2024-01-04 12:00:00,Books,Central,7,166.28,PayPal,67.0,1163.96
TXN00016,2024-01-04 18:00:00,Clothing,North,6,99.91,Debit Card,58.0,599.46
TXN00017,2024-01-05 00:00:00,Books,North,8,279.97,Debit Card,,2239.76
TXN00018,2024-01-05 06:00:00,Sports,East,4,294.04,Debit Card,51.0,1176.16
TXN00019,2024-01-05 12:00:00,Electronics,West,1,107.46,Cash,20.0,107.46
TXN00020,2024-01-05 18:00:00,Books,East,7,426.45,Debit Card,33.0,2985.15
TXN00021,2024-01-06 00:00:00,Clothing,West,3,46.71,PayPal,68.0,140.13
TXN00022,2024-01-06 06:00:00,Sports,South,6,181.27,Credit Card,21.0,1087.62
TXN00023,2024-01-06 12:00:00,Books,South,2,341.79,Debit Card,40.0,683.58
TXN00024,2024-01-06 18:00:00,Electronics,Central,9,140.69,PayPal,74.0,1266.21
TXN00025,2024-01-07 00:00:00,Electronics,West,1,414.7,Debit Card,67.0,414.7
TXN00026,2024-01-07 06:00:00,Home & Garden,Central,6,371.23,Credit Card,37.0,2227.38
TXN00027,2024-01-07 12:00:00,Home & Garden,North,6,395.57,PayPal,42.0,2373.42
TXN00028,2024-01-07 18:00:00,Clothing,West,5,63.96,PayPal,47.0,319.8
TXN00029,2024-01-08 00:00:00,Books,East,5,74.57,Credit Card,35.0,372.85
TXN00030,2024-01-08 06:00:00,Books,North,1,146.8,PayPal,59.0,146.8
TXN00031,2024-01-08 12:00:00,Home & Garden,North,5,261.45,Credit Card,28.0,1307.25
TXN00032,2024-01-08 18:00:00,Books,East,2,375.27,PayPal,46.0,750.54
TXN00033,2024-01-09 00:00:00,Books,North,7,419.08,PayPal,34.0,2933.56
TXN00034,2024-01-09 06:00:00,Electronics,West,3,353.65,Credit Card,43.0,1060.95
TXN00035,2024-01-09 12:00:00,Home & Garden,Central,4,464.66,Credit Card,73.0,1858.64
TXN00036,2024-01-09 18:00:00,Sports,North,3,370.68,PayPal,74.0,1112.04
TXN00037,2024-01-10 00:00:00,Home & Garden,West,3,156.6,PayPal,40.0,469.8
TXN00038,2024-01-10 06:00:00,Sports,South,4,136.22,Credit Card,73.0,544.88
TXN00039,2024-01-10 12:00:00,Electronics,West,5,349.62,Cash,69.0,1748.1
TXN00040,2024-01-10 18:00:00,Clothing,Central,1,100.47,Credit Card,65.0,100.47
TXN00041,2024-01-11 00:00:00,Books,West,4,50.89,PayPal,37.0,203.56
TXN00042,2024-01-11 06:00:00,Electronics,East,8,268.45,PayPal,62.0,2147.6
TXN00043,2024-01-11 12:00:00,Books,Central,7,411.71,PayPal,19.0,2881.97
TXN00044,2024-01-11 18:00:00,Clothing,South,9,55.18,Credit Card,41.0,496.62
TXN00045,2024-01-12 00:00:00,Clothing,East,5,396.99,PayPal,48.0,1984.95
TXN00046,2024-01-12 06:00:00,Electronics,West,4,406.73,Cash,44.0,1626.92
TXN00047,2024-01-12 12:00:00,Clothing,Central,8,243.73,Debit Card,19.0,1949.84
TXN00048,2024-01-12 18:00:00,Sports,South,9,33.37,Cash,74.0,300.33
TXN00049,2024-01-13 00:00:00,Clothing,East,7,91.42,Credit Card,31.0,639.94
TXN00050,2024-01-13 06:00:00,Books,South,7,355.18,PayPal,21.0,2486.26
TXN00051,2024-01-13 12:00:00,Books,West,5,357.33,Credit Card,66.0,1786.65
TXN00052,2024-01-13 18:00:00,Books,South,4,449.69,Debit Card,30.0,1798.76
TXN00053,2024-01-14 00:00:00,Books,North,1,293.43,Credit Card,53.0,293.43
TXN00054,2024-01-14 06:00:00,Sports,East,7,66.43,PayPal,52.0,465.01
TXN00055,2024-01-14 12:00:00,Home & Garden,South,1,65.1,Debit Card,61.0,65.1
TXN00056,2024-01-14 18:00:00,Electronics,West,1,361.96,Debit Card,71.0,361.96
TXN00057,2024-01-15 00:00:00,Books,West,5,95.97,PayPal,72.0,479.85
TXN00058,2024-01-15 06:00:00,Clothing,South,9,167.55,PayPal,25.0,1507.95
TXN00059,2024-01-15 12:00:00,Books,West,6,246.17,PayPal,19.0,1477.02
TXN00060,2024-01-15 18:00:00,Clothing,Central,3,17.26,,23.0,51.78
TXN00061,2024-01-16 00:00:00,Clothing,Central,3,128.17,Cash,48.0,384.51
TXN00062,2024-01-16 06:00:00,Books,Central,7,206.91,Credit Card,71.0,1448.37
TXN00063,2024-01-16 12:00:00,Sports,North,6,143.42,Credit Card,27.0,860.52
TXN00064,2024-01-16 18:00:00,Clothing,South,9,72.5,Cash,61.0,652.5
TXN00065,2024-01-17 00:00:00,Clothing,North,6,365.37,PayPal,38.0,2192.22
TXN00066,2024-01-17 06:00:00,Books,West,5,407.51,PayPal,59.0,2037.55
TXN00067,2024-01-17 12:00:00,Clothing,North,7,132.45,Cash,27.0,927.15
TXN00068,2024-01-17 18:00:00,Clothing,West,1,388.34,Cash,40.0,388.34
TXN00069,2024-01-18 00:00:00,Books,West,7,195.85,Credit Card,20.0,1370.95
TXN00070,2024-01-18 06:00:00,Books,East,3,255.81,,49.0,767.43
TXN00071,2024-01-18 12:00:00,Electronics,Central,9,428.72,Cash,37.0,3858.48
TXN00072,2024-01-18 18:00:00,Sports,West,6,376.23,Credit Card,27.0,2257.38
TXN00073,2024-01-19 00:00:00,Sports,East,9,403.53,Debit Card,46.0,3631.77
TXN00074,2024-01-19 06:00:00,Clothing,Central,5,72.74,PayPal,58.0,363.7
TXN00075,2024-01-19 12:00:00,Sports,West,7,39.51,PayPal,69.0,276.57
TXN00076,2024-01-19 18:00:00,Clothing,West,4,447.24,Credit Card,68.0,1788.96
TXN00077,2024-01-20 00:00:00,Electronics,North,7,196.98,Credit Card,63.0,1378.86
TXN00078,2024-01-20 06:00:00,Books,North,1,147.5,Cash,51.0,147.5
TXN00079,2024-01-20 12:00:00,Books,Central,7,363.72,PayPal,54.0,2546.04
TXN00080,2024-01-20 18:00:00,Books,West,8,419.03,Credit Card,37.0,3352.24
TXN00081,2024-01-21 00:00:00,Sports,South,5,431.93,PayPal,25.0,2159.65
TXN00082,2024-01-21 06:00:00,Electronics,North,2,161.42,PayPal,24.0,322.84
TXN00083,2024-01-21 12:00:00,Sports,Central,5,426.85,Cash,23.0,2134.25
TXN00084,2024-01-21 18:00:00,Sports,West,6,25.26,Debit Card,28.0,151.56
TXN00085,2024-01-22 00:00:00,Electronics,West,2,29.58,Cash,61.0,59.16
TXN00086,2024-01-22 06:00:00,Electronics,South,6,313.64,Credit Card,35.0,1881.84
TXN00087,2024-01-22 12:00:00,Electronics,Central,6,36.24,Cash,68.0,217.44
TXN00088,2024-01-22 18:00:00,Electronics,West,1,165.68,Cash,,165.68
TXN00089,2024-01-23 00:00:00,Books,North,1,338.01,PayPal,74.0,338.01
TXN00090,2024-01-23 06:00:00,Home & Garden,South,3,171.95,Cash,46.0,515.85
TXN00091,2024-01-23 12:00:00,Home & Garden,Central,3,93.9,Credit Card,42.0,281.7
TXN00092,2024-01-23 18:00:00,Electronics,South,4,144.27,Debit Card,38.0,577.08
TXN00093,2024-01-24 00:00:00,Home & Garden,North,2,231.5,Cash,63.0,463.0
TXN00094,2024-01-24 06:00:00,Home & Garden,Central,9,240.32,Cash,20.0,2162.88
TXN00095,2024-01-24 12:00:00,Electronics,South,7,392.59,Debit Card,35.0,2748.13
TXN00096,2024-01-24 18:00:00,Home & Garden,East,7,376.33,Credit Card,41.0,2634.31
TXN00097,2024-01-25 00:00:00,Sports,North,6,231.12,Credit Card,64.0,1386.72
TXN00098,2024-01-25 06:00:00,Clothing,North,3,423.61,Cash,55.0,1270.83
TXN00099,2024-01-25 12:00:00,Clothing,North,6,61.55,PayPal,27.0,369.3
TXN00100,2024-01-25 18:00:00,Electronics,East,8,131.4,Cash,44.0,1051.2
TXN00101,2024-01-26 00:00:00,Books,East,8,414.85,Debit Card,29.0,3318.8
TXN00102,2024-01-26 06:00:00,Electronics,West,9,192.11,Debit Card,24.0,1728.99
TXN00103,2024-01-26 12:00:00,Books,South,1,490.68,Debit Card,34.0,490.68
TXN00104,2024-01-26 18:00:00,Clothing,West,1,235.8,Cash,18.0,235.8
TXN00105,2024-01-27 00:00:00,Electronics,South,3,397.01,Cash,67.0,1191.03
TXN00106,2024-01-27 06:00:00,Sports,East,3,204.14,Credit Card,43.0,612.42
TXN00107,2024-01-27 12:00:00,Home & Garden,East,8,215.35,PayPal,32.0,1722.8
TXN00108,2024-01-27 18:00:00,Books,West,1,194.53,Cash,68.0,194.53
TXN00109,2024-01-28 00:00:00,Home & Garden,Central,2,360.94,Credit Card,50.0,721.88
TXN00110,2024-01-28 06:00:00,Home & Garden,West,2,276.02,Cash,54.0,552.04
TXN00111,2024-01-28 12:00:00,Electronics,South,3,472.17,Credit Card,64.0,1416.51
TXN00112,2024-01-28 18:00:00,Home & Garden,West,6,129.19,Credit Card,48.0,775.14
TXN00113,2024-01-29 00:00:00,Sports,North,1,54.78,PayPal,52.0,54.78
TXN00114,2024-01-29 06:00:00,Home & Garden,South,2,199.66,Cash,18.0,399.32
TXN00115,2024-01-29 12:00:00,Electronics,South,1,310.27,Credit Card,25.0,310.27
TXN00116,2024-01-29 18:00:00,Sports,Central,5,431.1,Debit Card,29.0,2155.5
TXN00117,2024-01-30 00:00:00,Clothing,East,7,176.37,Debit Card,71.0,1234.59
TXN00118,2024-01-30 06:00:00,Home & Garden,South,8,328.62,Debit Card,,2628.96
TXN00119,2024-01-30 12:00:00,Electronics,East,1,178.35,,36.0,178.35
TXN00120,2024-01-30 18:00:00,Clothing,West,7,310.52,Credit Card,42.0,2173.64
TXN00121,2024-01-31 00:00:00,Clothing,North,5,442.98,PayPal,74.0,2214.9
TXN00122,2024-01-31 06:00:00,Books,Central,1,119.52,Cash,49.0,119.52
TXN00123,2024-01-31 12:00:00,Sports,East,3,205.1,Cash,29.0,615.3
TXN00124,2024-01-31 18:00:00,Home & Garden,South,7,496.67,Credit Card,30.0,3476.69
TXN00125,2024-02-01 00:00:00,Electronics,East,1,434.94,Debit Card,45.0,434.94
TXN00126,2024-02-01 06:00:00,Books,South,7,284.5,Credit Card,18.0,1991.5
TXN00127,2024-02-01 12:00:00,Sports,East,5,260.73,Credit Card,68.0,1303.65
TXN00128,2024-02-01 18:00:00,Books,South,1,145.88,Credit Card,23.0,145.88
TXN00129,2024-02-02 00:00:00,Sports,West,1,261.02,PayPal,25.0,261.02
TXN00130,2024-02-02 06:00:00,Sports,South,1,424.85,Cash,21.0,424.85
TXN00131,2024-02-02 12:00:00,Home & Garden,South,9,344.16,Credit Card,22.0,3097.44
TXN00132,2024-02-02 18:00:00,Sports,North,3,148.57,Credit Card,42.0,445.71
TXN00133,2024-02-03 00:00:00,Books,South,5,104.72,Credit Card,39.0,523.6
TXN00134,2024-02-03 06:00:00,Sports,North,9,136.28,PayPal,45.0,1226.52
TXN00135,2024-02-03 12:00:00,Home & Garden,Central,6,89.03,PayPal,56.0,534.18
TXN00136,2024-02-03 18:00:00,Home & Garden,North,9,52.34,PayPal,40.0,471.06
TXN00137,2024-02-04 00:00:00,Books,West,8,212.47,Credit Card,,1699.76
TXN00138,2024-02-04 06:00:00,Clothing,North,8,61.08,Debit Card,69.0,488.64
TXN00139,2024-02-04 12:00:00,Clothing,Central,1,90.1,Debit Card,21.0,90.1
TXN00140,2024-02-04 18:00:00,Sports,West,9,275.93,Debit Card,64.0,2483.37
TXN00141,2024-02-05 00:00:00,Electronics,East,6,86.48,Cash,38.0,518.88
TXN00142,2024-02-05 06:00:00,Sports,East,9,36.62,Credit Card,54.0,329.58
TXN00143,2024-02-05 12:00:00,Books,North,3,162.11,Debit Card,73.0,486.33
TXN00144,2024-02-05 18:00:00,Books,North,3,114.06,Debit Card,58.0,342.18
TXN00145,2024-02-06 00:00:00,Books,Central,6,260.08,Debit Card,19.0,1560.48
TXN00146,2024-02-06 06:00:00,Books,Central,9,55.67,Credit Card,24.0,501.03
TXN00147,2024-02-06 12:00:00,Books,South,7,377.13,Debit Card,66.0,2639.91
TXN00148,2024-02-06 18:00:00,Home & Garden,Central,3,453.59,Debit Card,33.0,1360.77
TXN00149,2024-02-07 00:00:00,Clothing,South,3,373.0,Credit Card,34.0,1119.0
TXN00150,2024-02-07 06:00:00,Books,West,2,268.75,Cash,,537.5
TXN00151,2024-02-07 12:00:00,Electronics,North,9,431.03,PayPal,40.0,3879.27
TXN00152,2024-02-07 18:00:00,Electronics,West,3,348.98,Debit Card,51.0,1046.94
TXN00153,2024-02-08 00:00:00,Electronics,Central,5,10.22,PayPal,28.0,51.1
TXN00154,2024-02-08 06:00:00,Electronics,West,9,200.07,Cash,51.0,1800.63
TXN00155,2024-02-08 12:00:00,Home & Garden,West,8,426.22,Cash,50.0,3409.76
TXN00156,2024-02-08 18:00:00,Electronics,West,2,176.2,Debit Card,43.0,352.4
TXN00157,2024-02-09 00:00:00,Books,Central,3,22.43,Credit Card,19.0,67.29
TXN00158,2024-02-09 06:00:00,Sports,West,2,374.36,Cash,40.0,748.72
TXN00159,2024-02-09 12:00:00,Electronics,South,8,402.01,PayPal,58.0,3216.08
TXN00160,2024-02-09 18:00:00,Home & Garden,Central,6,84.49,PayPal,39.0,506.94
TXN00161,2024-02-10 00:00:00,Home & Garden,West,6,270.98,PayPal,51.0,1625.88
TXN00162,2024-02-10 06:00:00,Electronics,Central,9,100.02,PayPal,32.0,900.18
TXN00163,2024-02-10 12:00:00,Sports,East,8,361.02,Cash,27.0,2888.16
TXN00164,2024-02-10 18:00:00,Electronics,South,4,139.42,Debit Card,32.0,557.68
TXN00165,2024-02-11 00:00:00,Home & Garden,West,4,161.53,Debit Card,59.0,646.12
TXN00166,2024-02-11 06:00:00,Clothing,East,9,423.26,PayPal,46.0,3809.34
TXN00167,2024-02-11 12:00:00,Books,East,1,240.78,,74.0,240.78
TXN00168,2024-02-11 18:00:00,Home & Garden,Central,2,336.53,PayPal,40.0,673.06
TXN00169,2024-02-12 00:00:00,Electronics,East,2,204.17,PayPal,34.0,408.34
TXN00170,2024-02-12 06:00:00,Books,South,6,152.51,Credit Card,26.0,915.06
TXN00171,2024-02-12 12:00:00,Electronics,South,4,314.61,Cash,67.0,1258.44
TXN00172,2024-02-12 18:00:00,Electronics,North,3,81.65,Cash,53.0,244.95
TXN00173,2024-02-13 00:00:00,Clothing,South,3,189.63,PayPal,26.0,568.89
TXN00174,2024-02-13 06:00:00,Books,East,3,108.47,Cash,33.0,325.41
TXN00175,2024-02-13 12:00:00,Books,South,6,349.42,Debit Card,53.0,2096.52
TXN00176,2024-02-13 18:00:00,Clothing,Central,8,472.38,PayPal,65.0,3779.04
TXN00177,2024-02-14 00:00:00,Home & Garden,North,7,497.78,Credit Card,68.0,3484.46
TXN00178,2024-02-14 06:00:00,Electronics,East,4,227.89,Debit Card,50.0,911.56
TXN00179,2024-02-14 12:00:00,Sports,North,4,130.0,Credit Card,72.0,520.0
TXN00180,2024-02-14 18:00:00,Electronics,East,2,224.2,Credit Card,48.0,448.4
TXN00181,2024-02-15 00:00:00,Electronics,Central,1,424.4,Cash,23.0,424.4
TXN00182,2024-02-15 06:00:00,Home & Garden,North,9,106.97,Cash,27.0,962.73
TXN00183,2024-02-15 12:00:00,Electronics,West,2,476.29,PayPal,33.0,952.58
TXN00184,2024-02-15 18:00:00,Clothing,East,8,174.22,Cash,21.0,1393.76
TXN00185,2024-02-16 00:00:00,Clothing,West,9,492.97,Credit Card,71.0,4436.73
TXN00186,2024-02-16 06:00:00,Books,North,4,420.11,Credit Card,39.0,1680.44
TXN00187,2024-02-16 12:00:00,Sports,West,8,405.24,Debit Card,30.0,3241.92
TXN00188,2024-02-16 18:00:00,Electronics,West,9,162.36,Credit Card,33.0,1461.24
TXN00189,2024-02-17 00:00:00,Electronics,North,5,9.34,PayPal,69.0,46.7
TXN00190,2024-02-17 06:00:00,Home & Garden,Central,7,194.16,PayPal,46.0,1359.12
TXN00191,2024-02-17 12:00:00,Clothing,West,4,154.4,Cash,23.0,617.6
TXN00192,2024-02-17 18:00:00,Sports,West,1,23.51,,43.0,23.51
TXN00193,2024-02-18 00:00:00,Books,Central,3,255.16,Cash,28.0,765.48
TXN00194,2024-02-18 06:00:00,Clothing,West,5,204.5,PayPal,41.0,1022.5
TXN00195,2024-02-18 12:00:00,Books,West,3,319.11,,46.0,957.33
TXN00196,2024-02-18 18:00:00,Home & Garden,West,7,312.49,Cash,20.0,2187.43
TXN00197,2024-02-19 00:00:00,Home & Garden,South,9,64.77,Debit Card,69.0,582.93
TXN00198,2024-02-19 06:00:00,Electronics,Central,6,488.6,Cash,27.0,2931.6
TXN00199,2024-02-19 12:00:00,Sports,West,1,97.53,PayPal,18.0,97.53
TXN00200,2024-02-19 18:00:00,Books,Central,7,225.41,Cash,69.0,1577.87
TXN00201,2024-02-20 00:00:00,Clothing,East,3,246.62,Credit Card,60.0,739.86
TXN00202,2024-02-20 06:00:00,Home & Garden,East,5,407.47,Cash,43.0,2037.35
TXN00203,2024-02-20 12:00:00,Electronics,West,4,54.12,PayPal,29.0,216.48
TXN00204,2024-02-20 18:00:00,Electronics,Central,5,217.18,PayPal,31.0,1085.9
TXN00205,2024-02-21 00:00:00,Books,Central,5,316.11,Debit Card,42.0,1580.55
TXN00206,2024-02-21 06:00:00,Home & Garden,Central,6,111.5,PayPal,25.0,669.0
TXN00207,2024-02-21 12:00:00,Sports,South,6,315.6,Debit Card,60.0,1893.6
TXN00208,2024-02-21 18:00:00,Home & Garden,East,8,462.21,Credit Card,21.0,3697.68
TXN00209,2024-02-22 00:00:00,Books,Central,8,498.77,PayPal,45.0,3990.16
TXN00210,2024-02-22 06:00:00,Books,Central,9,21.06,Cash,24.0,189.54
TXN00211,2024-02-22 12:00:00,Home & Garden,South,8,121.62,Credit Card,27.0,972.96
TXN00212,2024-02-22 18:00:00,Books,South,2,158.6,Cash,68.0,317.2
TXN00213,2024-02-23 00:00:00,Home & Garden,Central,1,202.57,Cash,74.0,202.57
TXN00214,2024-02-23 06:00:00,Clothing,North,2,124.92,Cash,53.0,249.84
TXN00215,2024-02-23 12:00:00,Home & Garden,Central,2,105.73,Credit Card,19.0,211.46
TXN00216,2024-02-23 18:00:00,Home & Garden,Central,3,477.5,Credit Card,,1432.5
TXN00217,2024-02-24 00:00:00,Books,South,7,459.67,PayPal,70.0,3217.69
TXN00218,2024-02-24 06:00:00,Books,South,2,28.26,Cash,67.0,56.52
TXN00219,2024-02-24 12:00:00,Electronics,Central,1,172.71,Debit Card,31.0,172.71
TXN00220,2024-02-24 18:00:00,Electronics,Central,6,205.55,PayPal,33.0,1233.3
TXN00221,2024-02-25 00:00:00,Clothing,Central,9,123.31,Credit Card,71.0,1109.79
TXN00222,2024-02-25 06:00:00,Electronics,South,3,316.29,Debit Card,60.0,948.87
TXN00223,2024-02-25 12:00:00,Home & Garden,Central,6,321.99,,59.0,1931.94
TXN00224,2024-02-25 18:00:00,Books,Central,3,426.0,Debit Card,34.0,1278.0
TXN00225,2024-02-26 00:00:00,Electronics,West,1,371.73,PayPal,63.0,371.73
TXN00226,2024-02-26 06:00:00,Electronics,North,5,273.57,Debit Card,39.0,1367.85
TXN00227,2024-02-26 12:00:00,Clothing,East,4,328.53,PayPal,21.0,1314.12
TXN00228,2024-02-26 18:00:00,Clothing,North,7,140.62,Credit Card,36.0,984.34
TXN00229,2024-02-27 00:00:00,Home & Garden,West,6,298.56,Debit Card,19.0,1791.36
TXN00230,2024-02-27 06:00:00,Books,East,7,247.17,Cash,56.0,1730.19
TXN00231,2024-02-27 12:00:00,Clothing,Central,5,71.01,Cash,26.0,355.05
TXN00232,2024-02-27 18:00:00,Electronics,West,4,125.06,Credit Card,36.0,500.24
TXN00233,2024-02-28 00:00:00,Books,Central,7,149.39,Debit Card,33.0,1045.73
TXN00234,2024-02-28 06:00:00,Books,South,7,462.53,Cash,71.0,3237.71
TXN00235,2024-02-28 12:00:00,Electronics,West,6,119.04,PayPal,42.0,714.24
TXN00236,2024-02-28 18:00:00,Clothing,South,8,148.18,Debit Card,65.0,1185.44
TXN00237,2024-02-29 00:00:00,Electronics,West,4,187.83,Debit Card,35.0,751.32
TXN00238,2024-02-29 06:00:00,Books,West,5,333.55,Cash,40.0,1667.75
TXN00239,2024-02-29 12:00:00,Sports,South,4,63.53,PayPal,70.0,254.12
TXN00240,2024-02-29 18:00:00,Sports,East,1,477.2,PayPal,38.0,477.2
TXN00241,2024-03-01 00:00:00,Home & Garden,North,8,433.46,PayPal,28.0,3467.68
TXN00242,2024-03-01 06:00:00,Electronics,Central,1,290.72,Debit Card,56.0,290.72
TXN00243,2024-03-01 12:00:00,Electronics,West,5,338.65,Credit Card,58.0,1693.25
TXN00244,2024-03-01 18:00:00,Home & Garden,Central,6,13.25,Debit Card,21.0,79.5
TXN00245,2024-03-02 00:00:00,Home & Garden,South,6,172.78,Debit Card,42.0,1036.68
TXN00246,2024-03-02 06:00:00,Home & Garden,Central,5,398.85,Cash,49.0,1994.25
TXN00247,2024-03-02 12:00:00,Books,South,3,43.35,Credit Card,47.0,130.05
TXN00248,2024-03-02 18:00:00,Electronics,Central,5,144.75,PayPal,62.0,723.75
TXN00249,2024-03-03 00:00:00,Books,North,8,294.72,Cash,43.0,2357.76
TXN00250,2024-03-03 06:00:00,Home & Garden,North,2,131.92,Debit Card,74.0,263.84
TXN00251,2024-03-03 12:00:00,Electronics,North,6,467.32,Credit Card,53.0,2803.92
TXN00252,2024-03-03 18:00:00,Books,North,9,69.87,PayPal,68.0,628.83
TXN00253,2024-03-04 00:00:00,Books,North,8,399.71,PayPal,51.0,3197.68
TXN00254,2024-03-04 06:00:00,Home & Garden,North,8,256.43,Debit Card,26.0,2051.44
TXN00255,2024-03-04 12:00:00,Electronics,South,8,376.41,PayPal,29.0,3011.28
TXN00256,2024-03-04 18:00:00,Home & Garden,West,7,158.8,PayPal,19.0,1111.6
TXN00257,2024-03-05 00:00:00,Electronics,Central,8,259.67,Credit Card,55.0,2077.36
TXN00258,2024-03-05 06:00:00,Sports,North,6,429.13,Cash,22.0,2574.78
TXN00259,2024-03-05 12:00:00,Clothing,South,2,236.1,Credit Card,22.0,472.2
TXN00260,2024-03-05 18:00:00,Clothing,South,2,183.06,Cash,69.0,366.12
TXN00261,2024-03-06 00:00:00,Clothing,South,8,270.4,Cash,39.0,2163.2
TXN00262,2024-03-06 06:00:00,Home & Garden,West,1,360.09,Cash,22.0,360.09
TXN00263,2024-03-06 12:00:00,Sports,Central,6,224.56,PayPal,21.0,1347.36
TXN00264,2024-03-06 18:00:00,Electronics,West,6,469.74,Credit Card,26.0,2818.44
TXN00265,2024-03-07 00:00:00,Books,East,4,151.0,PayPal,46.0,604.0
TXN00266,2024-03-07 06:00:00,Electronics,South,3,240.35,Debit Card,39.0,721.05
TXN00267,2024-03-07 12:00:00,Books,East,3,379.68,Credit Card,44.0,1139.04
TXN00268,2024-03-07 18:00:00,Electronics,North,1,346.11,Cash,27.0,346.11
TXN00269,2024-03-08 00:00:00,Sports,North,3,432.5,PayPal,33.0,1297.5
TXN00270,2024-03-08 06:00:00,Books,West,4,498.42,PayPal,59.0,1993.68
TXN00271,2024-03-08 12:00:00,Home & Garden,Central,5,216.29,Credit Card,59.0,1081.45
TXN00272,2024-03-08 18:00:00,Electronics,East,3,60.02,Credit Card,68.0,180.06
TXN00273,2024-03-09 00:00:00,Electronics,Central,6,20.06,Cash,27.0,120.36
TXN00274,2024-03-09 06:00:00,Books,West,5,364.8,Cash,23.0,1824.0
TXN00275,2024-03-09 12:00:00,Home & Garden,North,3,437.64,Debit Card,66.0,1312.92
TXN00276,2024-03-09 18:00:00,Home & Garden,Central,6,114.25,Cash,22.0,685.5
TXN00277,2024-03-10 00:00:00,Sports,Central,6,83.43,PayPal,23.0,500.58
TXN00278,2024-03-10 06:00:00,Home & Garden,North,8,35.79,Debit Card,73.0,286.32
TXN00279,2024-03-10 12:00:00,Home & Garden,East,2,412.24,Debit Card,64.0,824.48
TXN00280,2024-03-10 18:00:00,Home & Garden,North,1,159.13,Debit Card,42.0,159.13
TXN00281,2024-03-11 00:00:00,Clothing,Central,4,203.84,Credit Card,68.0,815.36
TXN00282,2024-03-11 06:00:00,Sports,East,7,253.86,Cash,67.0,1777.02
TXN00283,2024-03-11 12:00:00,Electronics,East,3,420.53,Debit Card,21.0,1261.59
TXN00284,2024-03-11 18:00:00,Books,North,3,327.16,Credit Card,57.0,981.48
TXN00285,2024-03-12 00:00:00,Electronics,Central,5,309.46,Credit Card,65.0,1547.3
TXN00286,2024-03-12 06:00:00,Sports,West,5,91.96,Debit Card,49.0,459.8
TXN00287,2024-03-12 12:00:00,Books,Central,3,259.03,Debit Card,73.0,777.09
TXN00288,2024-03-12 18:00:00,Sports,South,9,359.11,PayPal,68.0,3231.99
TXN00289,2024-03-13 00:00:00,Home & Garden,West,4,486.76,Debit Card,69.0,1947.04
TXN00290,2024-03-13 06:00:00,Books,East,3,104.7,PayPal,52.0,314.1
TXN00291,2024-03-13 12:00:00,Home & Garden,West,2,9.72,Debit Card,27.0,19.44
TXN00292,2024-03-13 18:00:00,Electronics,East,9,42.27,Debit Card,51.0,380.43
TXN00293,2024-03-14 00:00:00,Electronics,East,4,191.05,Cash,53.0,764.2
TXN00294,2024-03-14 06:00:00,Books,West,3,411.17,Debit Card,23.0,1233.51
TXN00295,2024-03-14 12:00:00,Books,East,7,8.54,Debit Card,60.0,59.78
TXN00296,2024-03-14 18:00:00,Sports,East,8,231.08,PayPal,63.0,1848.64
TXN00297,2024-03-15 00:00:00,Sports,South,2,167.97,PayPal,33.0,335.94
TXN00298,2024-03-15 06:00:00,Home & Garden,Central,7,30.98,Cash,70.0,216.86
TXN00299,2024-03-15 12:00:00,Books,Central,5,227.87,Debit Card,36.0,1139.35
TXN00300,2024-03-15 18:00:00,Electronics,South,5,131.1,Debit Card,51.0,655.5
TXN00301,2024-03-16 00:00:00,Sports,West,3,179.18,PayPal,42.0,537.54
TXN00302,2024-03-16 06:00:00,Sports,North,5,354.28,Credit Card,48.0,1771.4
TXN00303,2024-03-16 12:00:00,Electronics,North,2,263.17,Credit Card,66.0,526.34
TXN00304,2024-03-16 18:00:00,Sports,North,4,66.7,Credit Card,58.0,266.8
TXN00305,2024-03-17 00:00:00,Home & Garden,South,6,480.9,PayPal,34.0,2885.4
TXN00306,2024-03-17 06:00:00,Books,South,1,319.78,PayPal,64.0,319.78
TXN00307,2024-03-17 12:00:00,Electronics,East,4,384.1,Credit Card,47.0,1536.4
TXN00308,2024-03-17 18:00:00,Books,North,6,44.21,Credit Card,56.0,265.26
TXN00309,2024-03-18 00:00:00,Sports,West,9,28.29,Debit Card,71.0,254.61
TXN00310,2024-03-18 06:00:00,Sports,West,2,14.63,PayPal,72.0,29.26
TXN00311,2024-03-18 12:00:00,Electronics,North,7,98.45,PayPal,48.0,689.15
TXN00312,2024-03-18 18:00:00,Home & Garden,North,6,210.13,Credit Card,36.0,1260.78
TXN00313,2024-03-19 00:00:00,Clothing,North,2,468.23,Credit Card,52.0,936.46
TXN00314,2024-03-19 06:00:00,Electronics,South,8,231.24,Cash,46.0,1849.92
TXN00315,2024-03-19 12:00:00,Clothing,South,7,148.68,,18.0,1040.76
TXN00316,2024-03-19 18:00:00,Clothing,South,5,283.16,Cash,21.0,1415.8
TXN00317,2024-03-20 00:00:00,Home & Garden,Central,5,60.41,Debit Card,45.0,302.05
TXN00318,2024-03-20 06:00:00,Clothing,West,7,306.71,Cash,35.0,2146.97
TXN00319,2024-03-20 12:00:00,Clothing,West,9,286.37,Credit Card,43.0,2577.33
TXN00320,2024-03-20 18:00:00,Home & Garden,East,9,397.04,PayPal,57.0,3573.36
TXN00321,2024-03-21 00:00:00,Clothing,South,9,493.41,PayPal,36.0,4440.69
TXN00322,2024-03-21 06:00:00,Clothing,Central,6,129.18,Cash,72.0,775.08
TXN00323,2024-03-21 12:00:00,Clothing,Central,6,257.28,Cash,72.0,1543.68
TXN00324,2024-03-21 18:00:00,Electronics,West,3,454.89,Debit Card,74.0,1364.67
TXN00325,2024-03-22 00:00:00,Electronics,South,1,393.67,Debit Card,23.0,393.67
TXN00326,2024-03-22 06:00:00,Electronics,East,7,246.27,Credit Card,18.0,1723.89
TXN00327,2024-03-22 12:00:00,Home & Garden,South,4,472.96,Credit Card,25.0,1891.84
TXN00328,2024-03-22 18:00:00,Sports,North,1,33.33,Credit Card,50.0,33.33
TXN00329,2024-03-23 00:00:00,Clothing,South,8,465.84,Cash,68.0,3726.72
TXN00330,2024-03-23 06:00:00,Clothing,North,6,30.0,Cash,60.0,180.0
TXN00331,2024-03-23 12:00:00,Home & Garden,North,6,275.92,PayPal,38.0,1655.52
TXN00332,2024-03-23 18:00:00,Clothing,East,2,445.77,Credit Card,41.0,891.54
TXN00333,2024-03-24 00:00:00,Electronics,West,1,135.05,Cash,42.0,135.05
TXN00334,2024-03-24 06:00:00,Sports,South,2,238.76,PayPal,64.0,477.52
TXN00335,2024-03-24 12:00:00,Books,North,4,165.54,Credit Card,72.0,662.16
TXN00336,2024-03-24 18:00:00,Clothing,South,2,476.31,Debit Card,74.0,952.62
TXN00337,2024-03-25 00:00:00,Electronics,West,1,412.7,Debit Card,60.0,412.7
TXN00338,2024-03-25 06:00:00,Books,West,7,355.96,Cash,36.0,2491.72
TXN00339,2024-03-25 12:00:00,Sports,Central,8,295.88,PayPal,46.0,2367.04
TXN00340,2024-03-25 18:00:00,Books,West,6,411.19,Debit Card,70.0,2467.14
TXN00341,2024-03-26 00:00:00,Electronics,East,4,199.17,PayPal,27.0,796.68
TXN00342,2024-03-26 06:00:00,Books,North,6,226.54,PayPal,73.0,1359.24
TXN00343,2024-03-26 12:00:00,Home & Garden,Central,3,366.35,Debit Card,29.0,1099.05
TXN00344,2024-03-26 18:00:00,Books,East,8,182.09,PayPal,50.0,1456.72
TXN00345,2024-03-27 00:00:00,Clothing,South,2,36.63,Debit Card,73.0,73.26
TXN00346,2024-03-27 06:00:00,Clothing,North,5,41.8,Cash,24.0,209.0
TXN00347,2024-03-27 12:00:00,Home & Garden,West,1,62.1,Credit Card,34.0,62.1
TXN00348,2024-03-27 18:00:00,Electronics,North,6,435.49,Credit Card,27.0,2612.94
TXN00349,2024-03-28 00:00:00,Clothing,South,2,238.75,Cash,48.0,477.5
TXN00350,2024-03-28 06:00:00,Sports,Central,4,357.88,Debit Card,23.0,1431.52
TXN00351,2024-03-28 12:00:00,Clothing,Central,6,199.49,Debit Card,34.0,1196.94
TXN00352,2024-03-28 18:00:00,Clothing,Central,8,133.06,Debit Card,67.0,1064.48
TXN00353,2024-03-29 00:00:00,Electronics,West,8,176.86,Debit Card,54.0,1414.88
TXN00354,2024-03-29 06:00:00,Books,East,6,398.12,Cash,35.0,2388.72
TXN00355,2024-03-29 12:00:00,Clothing,East,4,314.48,Credit Card,43.0,1257.92
TXN00356,2024-03-29 18:00:00,Home & Garden,North,8,469.13,PayPal,66.0,3753.04
TXN00357,2024-03-30 00:00:00,Books,West,8,341.45,PayPal,71.0,2731.6
TXN00358,2024-03-30 06:00:00,Sports,Central,1,287.24,Credit Card,,287.24
TXN00359,2024-03-30 12:00:00,Electronics,Central,4,307.05,Cash,25.0,1228.2
TXN00360,2024-03-30 18:00:00,Sports,South,4,471.47,PayPal,41.0,1885.88
TXN00361,2024-03-31 00:00:00,Books,South,7,395.16,Credit Card,30.0,2766.12
TXN00362,2024-03-31 06:00:00,Books,Central,7,16.9,Cash,46.0,118.3
TXN00363,2024-03-31 12:00:00,Books,Central,8,269.4,PayPal,49.0,2155.2
TXN00364,2024-03-31 18:00:00,Sports,West,5,345.73,Debit Card,41.0,1728.65
TXN00365,2024-04-01 00:00:00,Books,East,7,375.61,Debit Card,33.0,2629.27
TXN00366,2024-04-01 06:00:00,Sports,South,8,110.51,Cash,28.0,884.08
TXN00367,2024-04-01 12:00:00,Books,East,9,434.25,Debit Card,49.0,3908.25
TXN00368,2024-04-01 18:00:00,Home & Garden,West,3,478.14,Cash,23.0,1434.42
TXN00369,2024-04-02 00:00:00,Books,Central,3,122.17,Credit Card,52.0,366.51
TXN00370,2024-04-02 06:00:00,Sports,East,4,441.89,Credit Card,50.0,1767.56
TXN00371,2024-04-02 12:00:00,Clothing,Central,5,53.0,PayPal,35.0,265.0
TXN00372,2024-04-02 18:00:00,Books,Central,1,32.57,Cash,54.0,32.57
TXN00373,2024-04-03 00:00:00,Clothing,North,7,68.97,PayPal,30.0,482.79
TXN00374,2024-04-03 06:00:00,Home & Garden,East,9,33.58,PayPal,27.0,302.22
TXN00375,2024-04-03 12:00:00,Electronics,East,8,423.28,Credit Card,54.0,3386.24
TXN00376,2024-04-03 18:00:00,Home & Garden,Central,5,34.23,PayPal,43.0,171.15
TXN00377,2024-04-04 00:00:00,Books,West,4,139.47,Debit Card,63.0,557.88
TXN00378,2024-04-04 06:00:00,Clothing,North,7,56.36,PayPal,34.0,394.52
TXN00379,2024-04-04 12:00:00,Clothing,Central,5,151.23,Cash,18.0,756.15
TXN00380,2024-04-04 18:00:00,Sports,South,7,49.83,Debit Card,42.0,348.81
TXN00381,2024-04-05 00:00:00,Clothing,South,1,335.66,Credit Card,51.0,335.66
TXN00382,2024-04-05 06:00:00,Sports,North,1,71.0,Cash,56.0,71.0
TXN00383,2024-04-05 12:00:00,Electronics,West,3,426.66,Debit Card,27.0,1279.98
TXN00384,2024-04-05 18:00:00,Books,Central,2,409.51,Cash,37.0,819.02
TXN00385,2024-04-06 00:00:00,Sports,East,2,11.76,Debit Card,24.0,23.52
TXN00386,2024-04-06 06:00:00,Electronics,North,7,448.38,Cash,73.0,3138.66
TXN00387,2024-04-06 12:00:00,Clothing,West,2,19.33,Cash,33.0,38.66
TXN00388,2024-04-06 18:00:00,Clothing,East,4,123.62,Debit Card,,494.48
TXN00389,2024-04-07 00:00:00,Electronics,South,2,21.03,Credit Card,46.0,42.06
TXN00390,2024-04-07 06:00:00,Clothing,South,6,171.24,Credit Card,29.0,1027.44
TXN00391,2024-04-07 12:00:00,Electronics,East,8,259.36,Cash,34.0,2074.88
TXN00392,2024-04-07 18:00:00,Sports,North,4,399.34,Cash,65.0,1597.36
TXN00393,2024-04-08 00:00:00,Sports,South,5,172.3,Credit Card,37.0,861.5
TXN00394,2024-04-08 06:00:00,Electronics,Central,4,354.22,Credit Card,43.0,1416.88
TXN00395,2024-04-08 12:00:00,Sports,East,3,97.81,PayPal,65.0,293.43
TXN00396,2024-04-08 18:00:00,Sports,East,5,376.55,Credit Card,36.0,1882.75
TXN00397,2024-04-09 00:00:00,Sports,South,9,121.82,Cash,64.0,1096.38
TXN00398,2024-04-09 06:00:00,Home & Garden,North,8,76.05,,29.0,608.4
TXN00399,2024-04-09 12:00:00,Books,Central,8,96.78,Credit Card,38.0,774.24
TXN00400,2024-04-09 18:00:00,Clothing,North,8,95.12,PayPal,59.0,760.96
TXN00401,2024-04-10 00:00:00,Home & Garden,West,8,258.87,PayPal,71.0,2070.96
TXN00402,2024-04-10 06:00:00,Sports,West,7,423.17,PayPal,51.0,2962.19
TXN00403,2024-04-10 12:00:00,Electronics,South,8,44.4,Debit Card,24.0,355.2
TXN00404,2024-04-10 18:00:00,Sports,South,8,354.94,Credit Card,62.0,2839.52
TXN00405,2024-04-11 00:00:00,Books,South,8,328.9,Credit Card,52.0,2631.2
TXN00406,2024-04-11 06:00:00,Sports,West,7,436.9,Credit Card,32.0,3058.3
TXN00407,2024-04-11 12:00:00,Electronics,North,1,125.85,Debit Card,18.0,125.85
TXN00408,2024-04-11 18:00:00,Books,North,4,227.8,Debit Card,43.0,911.2
TXN00409,2024-04-12 00:00:00,Sports,South,4,463.28,Cash,52.0,1853.12
TXN00410,2024-04-12 06:00:00,Books,Central,5,331.7,PayPal,42.0,1658.5
TXN00411,2024-04-12 12:00:00,Clothing,North,6,197.44,PayPal,59.0,1184.64
TXN00412,2024-04-12 18:00:00,Clothing,West,4,70.05,Credit Card,32.0,280.2
TXN00413,2024-04-13 00:00:00,Sports,East,2,134.93,Debit Card,39.0,269.86
TXN00414,2024-04-13 06:00:00,Books,East,6,292.7,Debit Card,23.0,1756.2
TXN00415,2024-04-13 12:00:00,Electronics,East,8,360.49,Credit Card,69.0,2883.92
TXN00416,2024-04-13 18:00:00,Sports,Central,8,66.59,Credit Card,32.0,532.72
TXN00417,2024-04-14 00:00:00,Clothing,South,7,301.8,Cash,41.0,2112.6
TXN00418,2024-04-14 06:00:00,Clothing,West,6,277.42,PayPal,38.0,1664.52
TXN00419,2024-04-14 12:00:00,Sports,Central,2,259.41,PayPal,24.0,518.82
TXN00420,2024-04-14 18:00:00,Books,West,7,346.61,PayPal,74.0,2426.27
TXN00421,2024-04-15 00:00:00,Clothing,West,5,419.54,Cash,46.0,2097.7
TXN00422,2024-04-15 06:00:00,Books,South,6,164.88,Credit Card,49.0,989.28
TXN00423,2024-04-15 12:00:00,Clothing,East,8,445.06,Credit Card,49.0,3560.48
TXN00424,2024-04-15 18:00:00,Clothing,South,8,84.51,PayPal,70.0,676.08
TXN00425,2024-04-16 00:00:00,Home & Garden,Central,3,90.65,PayPal,22.0,271.95
TXN00426,2024-04-16 06:00:00,Clothing,Central,7,137.05,Cash,21.0,959.35
TXN00427,2024-04-16 12:00:00,Electronics,Central,1,64.17,Debit Card,39.0,64.17
TXN00428,2024-04-16 18:00:00,Sports,South,1,119.01,Debit Card,35.0,119.01
TXN00429,2024-04-17 00:00:00,Sports,West,7,57.67,PayPal,52.0,403.69
TXN00430,2024-04-17 06:00:00,Books,West,9,411.77,Cash,34.0,3705.93
TXN00431,2024-04-17 12:00:00,Clothing,North,7,73.79,PayPal,67.0,516.53
TXN00432,2024-04-17 18:00:00,Electronics,Central,5,374.91,Debit Card,67.0,1874.55
TXN00433,2024-04-18 00:00:00,Books,West,8,28.72,PayPal,73.0,229.76
TXN00434,2024-04-18 06:00:00,Home & Garden,North,2,474.52,Debit Card,41.0,949.04
TXN00435,2024-04-18 12:00:00,Books,West,9,357.02,Debit Card,19.0,3213.18
TXN00436,2024-04-18 18:00:00,Books,Central,6,8.36,Debit Card,30.0,50.16
TXN00437,2024-04-19 00:00:00,Clothing,East,9,383.11,Credit Card,71.0,3447.99
TXN00438,2024-04-19 06:00:00,Home & Garden,Central,2,259.47,Credit Card,32.0,518.94
TXN00439,2024-04-19 12:00:00,Books,South,3,390.79,PayPal,22.0,1172.37
TXN00440,2024-04-19 18:00:00,Electronics,West,8,263.64,Debit Card,20.0,2109.12
TXN00441,2024-04-20 00:00:00,Electronics,West,1,322.31,Credit Card,54.0,322.31
TXN00442,2024-04-20 06:00:00,Sports,South,7,394.23,PayPal,54.0,2759.61
TXN00443,2024-04-20 12:00:00,Home & Garden,South,7,205.53,PayPal,54.0,1438.71
TXN00444,2024-04-20 18:00:00,Home & Garden,East,1,6.34,PayPal,20.0,6.34
TXN00445,2024-04-21 00:00:00,Sports,West,9,425.72,PayPal,52.0,3831.48
TXN00446,2024-04-21 06:00:00,Books,West,8,193.54,PayPal,69.0,1548.32
TXN00447,2024-04-21 12:00:00,Home & Garden,East,4,250.54,Cash,40.0,1002.16
TXN00448,2024-04-21 18:00:00,Electronics,North,5,8.84,Debit Card,,44.2
TXN00449,2024-04-22 00:00:00,Electronics,East,2,248.59,PayPal,47.0,497.18
TXN00450,2024-04-22 06:00:00,Clothing,Central,9,493.31,Cash,35.0,4439.79
TXN00451,2024-04-22 12:00:00,Home & Garden,West,6,142.74,Debit Card,69.0,856.44
TXN00452,2024-04-22 18:00:00,Books,South,3,200.73,Credit Card,53.0,602.19
TXN00453,2024-04-23 00:00:00,Sports,Central,7,345.16,PayPal,50.0,2416.12
TXN00454,2024-04-23 06:00:00,Sports,West,9,408.32,Cash,43.0,3674.88
TXN00455,2024-04-23 12:00:00,Books,East,3,211.61,Credit Card,65.0,634.83
TXN00456,2024-04-23 18:00:00,Clothing,Central,2,158.29,Cash,57.0,316.58
TXN00457,2024-04-24 00:00:00,Sports,West,7,469.22,Debit Card,34.0,3284.54
TXN00458,2024-04-24 06:00:00,Home & Garden,North,7,340.19,Debit Card,57.0,2381.33
TXN00459,2024-04-24 12:00:00,Clothing,North,4,63.92,Credit Card,24.0,255.68
TXN00460,2024-04-24 18:00:00,Home & Garden,South,9,39.12,Cash,74.0,352.08
TXN00461,2024-04-25 00:00:00,Electronics,West,8,244.36,PayPal,25.0,1954.88
TXN00462,2024-04-25 06:00:00,Clothing,North,1,113.94,PayPal,70.0,113.94
TXN00463,2024-04-25 12:00:00,Sports,East,1,130.72,Credit Card,73.0,130.72
TXN00464,2024-04-25 18:00:00,Clothing,West,5,439.46,Credit Card,48.0,2197.3
TXN00465,2024-04-26 00:00:00,Clothing,East,6,49.34,Credit Card,29.0,296.04
TXN00466,2024-04-26 06:00:00,Clothing,East,3,359.11,Cash,65.0,1077.33
TXN00467,2024-04-26 12:00:00,Clothing,North,9,139.22,PayPal,48.0,1252.98
TXN00468,2024-04-26 18:00:00,Home & Garden,West,6,381.36,PayPal,61.0,2288.16
TXN00469,2024-04-27 00:00:00,Electronics,Central,4,362.59,PayPal,36.0,1450.36
TXN00470,2024-04-27 06:00:00,Books,North,7,8.66,Credit Card,27.0,60.62
TXN00471,2024-04-27 12:00:00,Clothing,North,8,257.02,PayPal,56.0,2056.16
TXN00472,2024-04-27 18:00:00,Sports,West,9,73.96,Debit Card,29.0,665.64
TXN00473,2024-04-28 00:00:00,Clothing,West,6,433.78,Credit Card,37.0,2602.68
TXN00474,2024-04-28 06:00:00,Sports,East,6,436.44,PayPal,54.0,2618.64
TXN00475,2024-04-28 12:00:00,Home & Garden,West,8,212.08,Cash,65.0,1696.64
TXN00476,2024-04-28 18:00:00,Sports,East,5,224.98,Credit Card,58.0,1124.9
TXN00477,2024-04-29 00:00:00,Books,North,3,155.13,Debit Card,24.0,465.39
TXN00478,2024-04-29 06:00:00,Electronics,South,3,359.72,Debit Card,69.0,1079.16
TXN00479,2024-04-29 12:00:00,Sports,Central,6,182.54,Cash,71.0,1095.24
TXN00480,2024-04-29 18:00:00,Sports,North,2,137.56,Cash,31.0,275.12
TXN00481,2024-04-30 00:00:00,Electronics,West,6,218.95,Credit Card,28.0,1313.7
TXN00482,2024-04-30 06:00:00,Books,Central,6,50.29,Credit Card,24.0,301.74
TXN00483,2024-04-30 12:00:00,Clothing,South,8,374.57,Debit Card,46.0,2996.56
TXN00484,2024-04-30 18:00:00,Sports,South,7,11.24,Cash,27.0,78.68
TXN00485,2024-05-01 00:00:00,Electronics,East,8,324.02,Credit Card,46.0,2592.16
TXN00486,2024-05-01 06:00:00,Home & Garden,Central,9,95.52,Debit Card,26.0,859.68
TXN00487,2024-05-01 12:00:00,Electronics,East,6,120.04,Cash,53.0,720.24
TXN00488,2024-05-01 18:00:00,Home & Garden,North,3,319.64,Debit Card,65.0,958.92
TXN00489,2024-05-02 00:00:00,Books,Central,3,496.51,PayPal,27.0,1489.53
TXN00490,2024-05-02 06:00:00,Clothing,North,1,389.97,Cash,36.0,389.97
TXN00491,2024-05-02 12:00:00,Electronics,East,5,116.79,Credit Card,73.0,583.95
TXN00492,2024-05-02 18:00:00,Sports,Central,4,92.13,Credit Card,48.0,368.52
TXN00493,2024-05-03 00:00:00,Books,East,9,433.79,PayPal,34.0,3904.11
TXN00494,2024-05-03 06:00:00,Electronics,Central,9,224.87,Cash,26.0,2023.83
TXN00495,2024-05-03 12:00:00,Sports,East,5,72.84,Debit Card,62.0,364.2
TXN00496,2024-05-03 18:00:00,Electronics,South,4,431.79,Credit Card,50.0,1727.16
TXN00497,2024-05-04 00:00:00,Home & Garden,East,7,408.97,PayPal,51.0,2862.79
TXN00498,2024-05-04 06:00:00,Electronics,South,6,492.03,PayPal,62.0,2952.18
TXN00499,2024-05-04 12:00:00,Electronics,East,4,455.32,Cash,41.0,1821.28
TXN00500,2024-05-04 18:00:00,Electronics,Central,2,426.64,Cash,26.0,853.28
TXN00501,2024-05-05 00:00:00,Books,Central,1,31.02,Credit Card,24.0,31.02
TXN00502,2024-05-05 06:00:00,Electronics,Central,4,56.69,PayPal,33.0,226.76
TXN00503,2024-05-05 12:00:00,Sports,West,4,286.65,Debit Card,36.0,1146.6
TXN00504,2024-05-05 18:00:00,Home & Garden,North,1,268.08,PayPal,56.0,268.08
TXN00505,2024-05-06 00:00:00,Home & Garden,Central,6,231.69,Debit Card,23.0,1390.14
TXN00506,2024-05-06 06:00:00,Electronics,South,4,201.41,Debit Card,67.0,805.64
TXN00507,2024-05-06 12:00:00,Books,Central,1,218.45,Credit Card,68.0,218.45
TXN00508,2024-05-06 18:00:00,Books,West,1,286.8,PayPal,,286.8
TXN00509,2024-05-07 00:00:00,Sports,South,1,6.03,Debit Card,29.0,6.03
TXN00510,2024-05-07 06:00:00,Electronics,West,8,134.05,Cash,59.0,1072.4
TXN00511,2024-05-07 12:00:00,Home & Garden,South,8,261.55,Debit Card,30.0,2092.4
TXN00512,2024-05-07 18:00:00,Books,East,2,362.5,Cash,29.0,725.0
TXN00513,2024-05-08 00:00:00,Electronics,North,7,91.21,Cash,38.0,638.47
TXN00514,2024-05-08 06:00:00,Books,North,8,275.71,PayPal,27.0,2205.68
TXN00515,2024-05-08 12:00:00,Books,West,8,358.66,Cash,37.0,2869.28
TXN00516,2024-05-08 18:00:00,Home & Garden,North,7,225.09,Debit Card,67.0,1575.63
TXN00517,2024-05-09 00:00:00,Clothing,West,5,18.41,Cash,53.0,92.05
TXN00518,2024-05-09 06:00:00,Sports,West,1,227.39,PayPal,45.0,227.39
TXN00519,2024-05-09 12:00:00,Sports,West,9,151.74,Credit Card,41.0,1365.66
TXN00520,2024-05-09 18:00:00,Home & Garden,North,7,465.18,Debit Card,22.0,3256.26
TXN00521,2024-05-10 00:00:00,Books,West,2,66.68,Debit Card,54.0,133.36
TXN00522,2024-05-10 06:00:00,Electronics,North,6,327.98,PayPal,29.0,1967.88
TXN00523,2024-05-10 12:00:00,Books,West,2,31.1,PayPal,52.0,62.2
TXN00524,2024-05-10 18:00:00,Home & Garden,Central,1,225.85,PayPal,57.0,225.85
TXN00525,2024-05-11 00:00:00,Sports,West,7,279.22,PayPal,71.0,1954.54
TXN00526,2024-05-11 06:00:00,Books,South,2,152.49,Debit Card,,304.98
TXN00527,2024-05-11 12:00:00,Sports,West,2,230.26,Credit Card,67.0,460.52
TXN00528,2024-05-11 18:00:00,Electronics,East,5,85.96,Cash,58.0,429.8
TXN00529,2024-05-12 00:00:00,Sports,West,5,155.54,Cash,62.0,777.7
TXN00530,2024-05-12 06:00:00,Sports,South,7,312.45,Credit Card,56.0,2187.15
TXN00531,2024-05-12 12:00:00,Clothing,South,1,154.39,Credit Card,59.0,154.39
TXN00532,2024-05-12 18:00:00,Clothing,North,8,450.37,Credit Card,26.0,3602.96
TXN00533,2024-05-13 00:00:00,Clothing,Central,3,316.06,PayPal,39.0,948.18
TXN00534,2024-05-13 06:00:00,Sports,West,4,222.13,Debit Card,64.0,888.52
TXN00535,2024-05-13 12:00:00,Home & Garden,North,9,24.18,Debit Card,22.0,217.62
TXN00536,2024-05-13 18:00:00,Sports,Central,4,252.28,Debit Card,29.0,1009.12
TXN00537,2024-05-14 00:00:00,Home & Garden,West,5,383.56,PayPal,18.0,1917.8
TXN00538,2024-05-14 06:00:00,Home & Garden,East,7,136.45,Debit Card,61.0,955.15
TXN00539,2024-05-14 12:00:00,Clothing,West,4,404.35,PayPal,39.0,1617.4
TXN00540,2024-05-14 18:00:00,Books,South,1,129.64,Debit Card,55.0,129.64
TXN00541,2024-05-15 00:00:00,Electronics,South,9,412.75,Credit Card,68.0,3714.75
TXN00542,2024-05-15 06:00:00,Clothing,East,4,47.21,Cash,36.0,188.84
TXN00543,2024-05-15 12:00:00,Clothing,North,9,433.76,Cash,33.0,3903.84
TXN00544,2024-05-15 18:00:00,Books,Central,6,252.1,PayPal,48.0,1512.6
TXN00545,2024-05-16 00:00:00,Electronics,West,1,151.79,Debit Card,68.0,151.79
TXN00546,2024-05-16 06:00:00,Sports,South,3,136.23,Cash,20.0,408.69
TXN00547,2024-05-16 12:00:00,Sports,North,2,218.85,Credit Card,40.0,437.7
TXN00548,2024-05-16 18:00:00,Clothing,East,9,499.53,Credit Card,59.0,4495.77
TXN00549,2024-05-17 00:00:00,Electronics,South,1,114.06,Credit Card,35.0,114.06
TXN00550,2024-05-17 06:00:00,Clothing,East,9,56.09,PayPal,43.0,504.81
TXN00551,2024-05-17 12:00:00,Home & Garden,West,9,294.59,PayPal,30.0,2651.31
TXN00552,2024-05-17 18:00:00,Clothing,Central,8,246.83,,35.0,1974.64
TXN00553,2024-05-18 00:00:00,Clothing,South,8,264.48,Credit Card,20.0,2115.84
TXN00554,2024-05-18 06:00:00,Sports,South,1,335.13,Debit Card,40.0,335.13
TXN00555,2024-05-18 12:00:00,Sports,West,8,137.24,Debit Card,20.0,1097.92
TXN00556,2024-05-18 18:00:00,Sports,North,3,455.78,Credit Card,72.0,1367.34
TXN00557,2024-05-19 00:00:00,Home & Garden,Central,7,220.66,Debit Card,42.0,1544.62
TXN00558,2024-05-19 06:00:00,Sports,South,1,68.9,Cash,44.0,68.9
TXN00559,2024-05-19 12:00:00,Electronics,Central,1,372.44,PayPal,61.0,372.44
TXN00560,2024-05-19 18:00:00,Books,South,5,323.34,Debit Card,44.0,1616.7
TXN00561,2024-05-20 00:00:00,Electronics,Central,5,161.29,Credit Card,69.0,806.45
TXN00562,2024-05-20 06:00:00,Electronics,East,8,312.65,PayPal,,2501.2
TXN00563,2024-05-20 12:00:00,Sports,South,7,113.83,PayPal,42.0,796.81
TXN00564,2024-05-20 18:00:00,Books,Central,8,225.2,Debit Card,41.0,1801.6
TXN00565,2024-05-21 00:00:00,Books,North,6,450.21,Cash,25.0,2701.26
TXN00566,2024-05-21 06:00:00,Books,East,6,71.1,Debit Card,26.0,426.6
TXN00567,2024-05-21 12:00:00,Home & Garden,East,2,196.41,Cash,63.0,392.82
TXN00568,2024-05-21 18:00:00,Sports,North,6,411.47,PayPal,54.0,2468.82
TXN00569,2024-05-22 00:00:00,Books,Central,5,484.9,Debit Card,47.0,2424.5
TXN00570,2024-05-22 06:00:00,Home & Garden,West,3,229.69,Credit Card,,689.07
TXN00571,2024-05-22 12:00:00,Clothing,North,6,255.96,Debit Card,36.0,1535.76
TXN00572,2024-05-22 18:00:00,Clothing,Central,8,288.23,Cash,70.0,2305.84
TXN00573,2024-05-23 00:00:00,Home & Garden,North,9,466.51,Cash,33.0,4198.59
TXN00574,2024-05-23 06:00:00,Home & Garden,North,1,429.81,Debit Card,41.0,429.81
TXN00575,2024-05-23 12:00:00,Sports,South,3,89.45,Cash,61.0,268.35
TXN00576,2024-05-23 18:00:00,Sports,Central,3,221.2,PayPal,38.0,663.6
TXN00577,2024-05-24 00:00:00,Clothing,West,8,234.68,Debit Card,,1877.44
TXN00578,2024-05-24 06:00:00,Books,South,1,395.6,Cash,57.0,395.6
TXN00579,2024-05-24 12:00:00,Clothing,North,5,303.43,Debit Card,56.0,1517.15
TXN00580,2024-05-24 18:00:00,Books,North,3,328.84,Debit Card,64.0,986.52
TXN00581,2024-05-25 00:00:00,Books,North,2,499.11,Credit Card,23.0,998.22
TXN00582,2024-05-25 06:00:00,Sports,Central,8,42.11,Debit Card,22.0,336.88
TXN00583,2024-05-25 12:00:00,Electronics,Central,3,115.39,Credit Card,31.0,346.17
TXN00584,2024-05-25 18:00:00,Electronics,South,7,206.91,Cash,70.0,1448.37
TXN00585,2024-05-26 00:00:00,Home & Garden,West,1,177.15,Credit Card,62.0,177.15
TXN00586,2024-05-26 06:00:00,Sports,South,6,15.71,Credit Card,59.0,94.26
TXN00587,2024-05-26 12:00:00,Books,East,3,50.43,Credit Card,67.0,151.29
TXN00588,2024-05-26 18:00:00,Electronics,North,8,342.07,PayPal,21.0,2736.56
TXN00589,2024-05-27 00:00:00,Books,North,6,440.27,Credit Card,25.0,2641.62
TXN00590,2024-05-27 06:00:00,Electronics,North,2,259.54,Debit Card,41.0,519.08
TXN00591,2024-05-27 12:00:00,Electronics,South,6,271.9,Credit Card,28.0,1631.4
TXN00592,2024-05-27 18:00:00,Electronics,South,7,131.27,Debit Card,34.0,918.89
TXN00593,2024-05-28 00:00:00,Sports,North,5,385.1,Credit Card,67.0,1925.5
TXN00594,2024-05-28 06:00:00,Clothing,South,3,377.14,PayPal,38.0,1131.42
TXN00595,2024-05-28 12:00:00,Books,Central,4,296.24,Cash,74.0,1184.96
TXN00596,2024-05-28 18:00:00,Sports,Central,4,110.27,Credit Card,43.0,441.08
TXN00597,2024-05-29 00:00:00,Sports,South,6,53.02,Credit Card,60.0,318.12
TXN00598,2024-05-29 06:00:00,Sports,North,1,36.8,PayPal,,36.8
TXN00599,2024-05-29 12:00:00,Sports,South,4,298.38,Credit Card,61.0,1193.52
TXN00600,2024-05-29 18:00:00,Sports,South,4,413.39,Debit Card,62.0,1653.56
TXN00601,2024-05-30 00:00:00,Home & Garden,South,1,429.87,Credit Card,44.0,429.87
TXN00602,2024-05-30 06:00:00,Books,East,9,234.49,Credit Card,33.0,2110.41
TXN00603,2024-05-30 12:00:00,Sports,Central,4,393.21,Cash,72.0,1572.84
TXN00604,2024-05-30 18:00:00,Books,West,7,473.71,Cash,43.0,3315.97
TXN00605,2024-05-31 00:00:00,Home & Garden,West,3,141.21,Credit Card,70.0,423.63
TXN00606,2024-05-31 06:00:00,Home & Garden,East,3,201.99,PayPal,50.0,605.97
TXN00607,2024-05-31 12:00:00,Books,South,8,466.08,Cash,48.0,3728.64
TXN00608,2024-05-31 18:00:00,Electronics,East,8,172.42,Credit Card,65.0,1379.36
TXN00609,2024-06-01 00:00:00,Clothing,East,1,457.37,Cash,64.0,457.37
TXN00610,2024-06-01 06:00:00,Electronics,North,2,490.62,Credit Card,23.0,981.24
TXN00611,2024-06-01 12:00:00,Electronics,Central,8,332.6,Cash,61.0,2660.8
TXN00612,2024-06-01 18:00:00,Electronics,West,1,409.36,Cash,25.0,409.36
TXN00613,2024-06-02 00:00:00,Sports,South,8,376.03,Debit Card,24.0,3008.24
TXN00614,2024-06-02 06:00:00,Home & Garden,West,8,351.27,Credit Card,51.0,2810.16
TXN00615,2024-06-02 12:00:00,Electronics,West,2,156.93,Credit Card,61.0,313.86
TXN00616,2024-06-02 18:00:00,Home & Garden,Central,4,33.26,Credit Card,70.0,133.04
TXN00617,2024-06-03 00:00:00,Books,West,6,174.81,Credit Card,31.0,1048.86
TXN00618,2024-06-03 06:00:00,Clothing,West,9,335.13,Cash,33.0,3016.17
TXN00619,2024-06-03 12:00:00,Books,East,8,55.75,Debit Card,60.0,446.0
TXN00620,2024-06-03 18:00:00,Books,Central,8,10.9,Debit Card,69.0,87.2
TXN00621,2024-06-04 00:00:00,Sports,North,7,74.15,PayPal,26.0,519.05
TXN00622,2024-06-04 06:00:00,Clothing,South,9,359.29,Credit Card,27.0,3233.61
TXN00623,2024-06-04 12:00:00,Books,West,2,486.53,PayPal,34.0,973.06
TXN00624,2024-06-04 18:00:00,Books,South,3,491.62,Cash,29.0,1474.86
TXN00625,2024-06-05 00:00:00,Clothing,North,8,249.52,PayPal,23.0,1996.16
TXN00626,2024-06-05 06:00:00,Clothing,South,6,435.33,Credit Card,36.0,2611.98
TXN00627,2024-06-05 12:00:00,Books,North,9,369.73,Debit Card,60.0,3327.57
TXN00628,2024-06-05 18:00:00,Clothing,East,4,253.01,Debit Card,58.0,1012.04
TXN00629,2024-06-06 00:00:00,Books,West,8,288.52,Credit Card,70.0,2308.16
TXN00630,2024-06-06 06:00:00,Books,North,3,72.93,Cash,46.0,218.79
TXN00631,2024-06-06 12:00:00,Sports,South,3,469.14,Credit Card,23.0,1407.42
TXN00632,2024-06-06 18:00:00,Electronics,West,8,179.21,Cash,42.0,1433.68
TXN00633,2024-06-07 00:00:00,Books,East,5,225.84,Debit Card,74.0,1129.2
TXN00634,2024-06-07 06:00:00,Home & Garden,West,3,337.47,Cash,41.0,1012.41
TXN00635,2024-06-07 12:00:00,Electronics,North,1,170.28,Credit Card,42.0,170.28
TXN00636,2024-06-07 18:00:00,Electronics,East,3,130.86,Credit Card,33.0,392.58
TXN00637,2024-06-08 00:00:00,Electronics,South,9,317.37,Credit Card,69.0,2856.33
TXN00638,2024-06-08 06:00:00,Sports,East,5,17.37,Cash,33.0,86.85
TXN00639,2024-06-08 12:00:00,Books,East,2,361.76,Cash,23.0,723.52
TXN00640,2024-06-08 18:00:00,Sports,Central,7,259.44,Cash,54.0,1816.08
TXN00641,2024-06-09 00:00:00,Books,East,2,304.85,Debit Card,38.0,609.7
TXN00642,2024-06-09 06:00:00,Sports,East,4,317.78,PayPal,21.0,1271.12
TXN00643,2024-06-09 12:00:00,Sports,West,7,265.89,PayPal,51.0,1861.23
TXN00644,2024-06-09 18:00:00,Home & Garden,South,4,293.35,Credit Card,45.0,1173.4
TXN00645,2024-06-10 00:00:00,Sports,West,7,343.48,Debit Card,55.0,2404.36
TXN00646,2024-06-10 06:00:00,Clothing,West,7,377.79,Cash,58.0,2644.53
TXN00647,2024-06-10 12:00:00,Home & Garden,North,1,365.09,Credit Card,45.0,365.09
TXN00648,2024-06-10 18:00:00,Sports,West,6,435.46,Debit Card,34.0,2612.76
TXN00649,2024-06-11 00:00:00,Electronics,Central,9,98.77,Credit Card,31.0,888.93
TXN00650,2024-06-11 06:00:00,Clothing,Central,2,203.57,Debit Card,24.0,407.14
TXN00651,2024-06-11 12:00:00,Clothing,North,3,474.16,,39.0,1422.48
TXN00652,2024-06-11 18:00:00,Clothing,South,5,201.31,PayPal,68.0,1006.55
TXN00653,2024-06-12 00:00:00,Home & Garden,South,9,66.81,Credit Card,18.0,601.29
TXN00654,2024-06-12 06:00:00,Sports,West,4,265.1,Cash,46.0,1060.4
TXN00655,2024-06-12 12:00:00,Sports,West,1,59.2,PayPal,69.0,59.2
TXN00656,2024-06-12 18:00:00,Electronics,West,4,105.41,PayPal,48.0,421.64
TXN00657,2024-06-13 00:00:00,Electronics,South,6,499.17,Cash,47.0,2995.02
TXN00658,2024-06-13 06:00:00,Clothing,East,5,272.97,Debit Card,74.0,1364.85
TXN00659,2024-06-13 12:00:00,Electronics,Central,1,145.61,Cash,32.0,145.61
TXN00660,2024-06-13 18:00:00,Home & Garden,East,4,497.41,Credit Card,35.0,1989.64
TXN00661,2024-06-14 00:00:00,Sports,East,6,483.45,Cash,52.0,2900.7
TXN00662,2024-06-14 06:00:00,Clothing,South,4,223.17,Debit Card,67.0,892.68
TXN00663,2024-06-14 12:00:00,Electronics,East,9,133.9,Cash,47.0,1205.1
TXN00664,2024-06-14 18:00:00,Home & Garden,North,5,420.01,Debit Card,51.0,2100.05
TXN00665,2024-06-15 00:00:00,Home & Garden,West,8,359.23,Debit Card,59.0,2873.84
TXN00666,2024-06-15 06:00:00,Electronics,North,9,345.04,Credit Card,28.0,3105.36
TXN00667,2024-06-15 12:00:00,Sports,Central,5,447.09,Cash,44.0,2235.45
TXN00668,2024-06-15 18:00:00,Electronics,West,6,346.26,Cash,41.0,2077.56
TXN00669,2024-06-16 00:00:00,Clothing,East,1,145.48,Credit Card,52.0,145.48
TXN00670,2024-06-16 06:00:00,Electronics,Central,7,348.46,Debit Card,56.0,2439.22
TXN00671,2024-06-16 12:00:00,Home & Garden,West,4,156.38,Cash,25.0,625.52
TXN00672,2024-06-16 18:00:00,Electronics,East,2,380.82,Credit Card,68.0,761.64
TXN00673,2024-06-17 00:00:00,Sports,North,5,311.78,Debit Card,35.0,1558.9
TXN00674,2024-06-17 06:00:00,Books,West,3,43.32,Credit Card,30.0,129.96
TXN00675,2024-06-17 12:00:00,Electronics,East,6,258.85,Cash,62.0,1553.1
TXN00676,2024-06-17 18:00:00,Sports,North,8,174.93,Credit Card,41.0,1399.44
TXN00677,2024-06-18 00:00:00,Sports,Central,7,167.64,PayPal,68.0,1173.48
TXN00678,2024-06-18 06:00:00,Home & Garden,Central,3,303.12,Debit Card,40.0,909.36
TXN00679,2024-06-18 12:00:00,Sports,Central,8,164.55,PayPal,29.0,1316.4
TXN00680,2024-06-18 18:00:00,Sports,Central,2,389.56,PayPal,66.0,779.12
TXN00681,2024-06-19 00:00:00,Sports,South,9,40.04,Debit Card,47.0,360.36
TXN00682,2024-06-19 06:00:00,Sports,West,4,331.89,Debit Card,48.0,1327.56
TXN00683,2024-06-19 12:00:00,Clothing,West,1,405.55,Credit Card,45.0,405.55
TXN00684,2024-06-19 18:00:00,Clothing,South,8,338.05,Debit Card,39.0,2704.4
TXN00685,2024-06-20 00:00:00,Home & Garden,East,7,251.13,PayPal,61.0,1757.91
TXN00686,2024-06-20 06:00:00,Electronics,East,5,475.4,PayPal,45.0,2377.0
TXN00687,2024-06-20 12:00:00,Sports,Central,5,153.47,Cash,30.0,767.35
TXN00688,2024-06-20 18:00:00,Electronics,North,7,14.49,Debit Card,42.0,101.43
TXN00689,2024-06-21 00:00:00,Electronics,East,5,218.83,PayPal,61.0,1094.15
TXN00690,2024-06-21 06:00:00,Home & Garden,North,8,21.34,Cash,68.0,170.72
TXN00691,2024-06-21 12:00:00,Sports,West,6,477.2,Cash,63.0,2863.2
TXN00692,2024-06-21 18:00:00,Sports,North,5,108.91,Credit Card,24.0,544.55
TXN00693,2024-06-22 00:00:00,Books,West,9,395.52,PayPal,62.0,3559.68
TXN00694,2024-06-22 06:00:00,Electronics,South,2,388.41,Credit Card,23.0,776.82
TXN00695,2024-06-22 12:00:00,Electronics,South,1,112.78,PayPal,41.0,112.78
TXN00696,2024-06-22 18:00:00,Clothing,Central,8,312.51,Credit Card,36.0,2500.08
TXN00697,2024-06-23 00:00:00,Books,East,3,28.8,Credit Card,36.0,86.4
TXN00698,2024-06-23 06:00:00,Clothing,Central,7,244.37,Debit Card,53.0,1710.59
TXN00699,2024-06-23 12:00:00,Clothing,West,8,12.25,Credit Card,68.0,98.0
TXN00700,2024-06-23 18:00:00,Clothing,Central,6,460.97,Debit Card,26.0,2765.82
TXN00701,2024-06-24 00:00:00,Home & Garden,North,9,488.16,Cash,65.0,4393.44
TXN00702,2024-06-24 06:00:00,Home & Garden,West,7,115.03,PayPal,53.0,805.21
TXN00703,2024-06-24 12:00:00,Clothing,South,5,108.01,Cash,55.0,540.05
TXN00704,2024-06-24 18:00:00,Books,East,8,378.09,PayPal,57.0,3024.72
TXN00705,2024-06-25 00:00:00,Electronics,West,2,130.42,Cash,46.0,260.84
TXN00706,2024-06-25 06:00:00,Books,West,7,448.06,PayPal,41.0,3136.42
TXN00707,2024-06-25 12:00:00,Sports,North,4,289.09,Credit Card,65.0,1156.36
TXN00708,2024-06-25 18:00:00,Home & Garden,East,9,178.63,PayPal,22.0,1607.67
TXN00709,2024-06-26 00:00:00,Electronics,South,1,417.18,PayPal,70.0,417.18
TXN00710,2024-06-26 06:00:00,Electronics,West,7,249.24,,71.0,1744.68
TXN00711,2024-06-26 12:00:00,Sports,West,6,456.26,Cash,59.0,2737.56
TXN00712,2024-06-26 18:00:00,Sports,North,8,464.37,Cash,72.0,3714.96
TXN00713,2024-06-27 00:00:00,Clothing,Central,5,86.88,Debit Card,62.0,434.4
TXN00714,2024-06-27 06:00:00,Home & Garden,South,1,6.15,Debit Card,43.0,6.15
TXN00715,2024-06-27 12:00:00,Home & Garden,East,1,492.05,,31.0,492.05
TXN00716,2024-06-27 18:00:00,Books,West,9,453.54,PayPal,56.0,4081.86
TXN00717,2024-06-28 00:00:00,Clothing,West,6,32.45,Credit Card,46.0,194.7
TXN00718,2024-06-28 06:00:00,Clothing,South,5,417.35,Credit Card,69.0,2086.75
TXN00719,2024-06-28 12:00:00,Clothing,Central,1,231.61,PayPal,23.0,231.61
TXN00720,2024-06-28 18:00:00,Clothing,West,6,133.19,Debit Card,24.0,799.14
TXN00721,2024-06-29 00:00:00,Home & Garden,South,6,439.98,PayPal,54.0,2639.88
TXN00722,2024-06-29 06:00:00,Home & Garden,North,3,102.35,Credit Card,70.0,307.05
TXN00723,2024-06-29 12:00:00,Clothing,Central,8,473.91,Debit Card,35.0,3791.28
TXN00724,2024-06-29 18:00:00,Books,East,1,106.78,Debit Card,40.0,106.78
TXN00725,2024-06-30 00:00:00,Electronics,West,1,308.77,Credit Card,61.0,308.77
TXN00726,2024-06-30 06:00:00,Electronics,South,6,115.43,PayPal,55.0,692.58
TXN00727,2024-06-30 12:00:00,Books,North,1,275.11,Cash,18.0,275.11
TXN00728,2024-06-30 18:00:00,Clothing,East,6,343.57,PayPal,21.0,2061.42
TXN00729,2024-07-01 00:00:00,Home & Garden,South,1,99.16,PayPal,68.0,99.16
TXN00730,2024-07-01 06:00:00,Electronics,South,6,262.84,Credit Card,61.0,1577.04
TXN00731,2024-07-01 12:00:00,Sports,East,3,237.18,Debit Card,64.0,711.54
TXN00732,2024-07-01 18:00:00,Sports,North,8,40.16,Credit Card,52.0,321.28
TXN00733,2024-07-02 00:00:00,Books,North,6,410.06,PayPal,40.0,2460.36
TXN00734,2024-07-02 06:00:00,Clothing,Central,1,171.16,Cash,44.0,171.16
TXN00735,2024-07-02 12:00:00,Electronics,West,5,289.42,Cash,43.0,1447.1
TXN00736,2024-07-02 18:00:00,Clothing,East,8,259.82,Cash,69.0,2078.56
TXN00737,2024-07-03 00:00:00,Electronics,East,3,259.06,Credit Card,,777.18
TXN00738,2024-07-03 06:00:00,Books,East,6,58.08,Debit Card,60.0,348.48
TXN00739,2024-07-03 12:00:00,Books,North,5,214.62,Credit Card,33.0,1073.1
TXN00740,2024-07-03 18:00:00,Sports,West,6,228.92,Cash,58.0,1373.52
TXN00741,2024-07-04 00:00:00,Clothing,Central,1,368.15,PayPal,20.0,368.15
TXN00742,2024-07-04 06:00:00,Sports,South,7,420.81,Debit Card,49.0,2945.67
TXN00743,2024-07-04 12:00:00,Clothing,South,9,274.77,Credit Card,22.0,2472.93
TXN00744,2024-07-04 18:00:00,Sports,East,2,47.96,Credit Card,37.0,95.92
TXN00745,2024-07-05 00:00:00,Home & Garden,West,5,122.24,Debit Card,,611.2
TXN00746,2024-07-05 06:00:00,Home & Garden,North,4,86.64,Debit Card,49.0,346.56
TXN00747,2024-07-05 12:00:00,Home & Garden,West,6,66.68,PayPal,43.0,400.08
TXN00748,2024-07-05 18:00:00,Home & Garden,West,6,186.12,Debit Card,64.0,1116.72
TXN00749,2024-07-06 00:00:00,Electronics,North,2,118.55,PayPal,23.0,237.1
TXN00750,2024-07-06 06:00:00,Home & Garden,East,2,113.06,Cash,53.0,226.12
TXN00751,2024-07-06 12:00:00,Books,West,4,32.07,Cash,57.0,128.28
TXN00752,2024-07-06 18:00:00,Books,South,1,13.75,Credit Card,68.0,13.75
TXN00753,2024-07-07 00:00:00,Electronics,North,9,55.87,Cash,22.0,502.83
TXN00754,2024-07-07 06:00:00,Home & Garden,Central,7,90.24,Cash,30.0,631.68
TXN00755,2024-07-07 12:00:00,Home & Garden,East,7,218.34,PayPal,49.0,1528.38
TXN00756,2024-07-07 18:00:00,Home & Garden,North,3,257.71,Credit Card,33.0,773.13
TXN00757,2024-07-08 00:00:00,Sports,Central,3,74.59,Debit Card,18.0,223.77
TXN00758,2024-07-08 06:00:00,Clothing,Central,1,215.27,Credit Card,30.0,215.27
TXN00759,2024-07-08 12:00:00,Sports,West,3,174.17,Cash,71.0,522.51
TXN00760,2024-07-08 18:00:00,Clothing,West,3,95.79,Debit Card,28.0,287.37
TXN00761,2024-07-09 00:00:00,Home & Garden,West,4,8.39,Credit Card,70.0,33.56
TXN00762,2024-07-09 06:00:00,Home & Garden,North,4,236.17,Credit Card,25.0,944.68
TXN00763,2024-07-09 12:00:00,Sports,North,3,344.4,Credit Card,42.0,1033.2
TXN00764,2024-07-09 18:00:00,Sports,East,8,117.01,Credit Card,57.0,936.08
TXN00765,2024-07-10 00:00:00,Clothing,West,8,70.24,PayPal,49.0,561.92
TXN00766,2024-07-10 06:00:00,Books,Central,1,444.09,Credit Card,41.0,444.09
TXN00767,2024-07-10 12:00:00,Clothing,South,7,141.14,Cash,45.0,987.98
TXN00768,2024-07-10 18:00:00,Sports,East,2,115.69,Cash,31.0,231.38
TXN00769,2024-07-11 00:00:00,Sports,North,1,429.26,PayPal,62.0,429.26
TXN00770,2024-07-11 06:00:00,Electronics,East,3,409.47,Debit Card,20.0,1228.41
TXN00771,2024-07-11 12:00:00,Sports,East,4,226.93,Debit Card,53.0,907.72
TXN00772,2024-07-11 18:00:00,Electronics,East,6,247.17,Cash,44.0,1483.02
TXN00773,2024-07-12 00:00:00,Books,East,5,112.79,Cash,37.0,563.95
TXN00774,2024-07-12 06:00:00,Clothing,South,4,43.76,PayPal,64.0,175.04
TXN00775,2024-07-12 12:00:00,Clothing,West,8,288.85,Debit Card,32.0,2310.8
TXN00776,2024-07-12 18:00:00,Electronics,Central,4,53.68,Debit Card,44.0,214.72
TXN00777,2024-07-13 00:00:00,Clothing,East,2,227.39,Credit Card,70.0,454.78
TXN00778,2024-07-13 06:00:00,Sports,East,3,470.55,Credit Card,62.0,1411.65
TXN00779,2024-07-13 12:00:00,Home & Garden,East,6,476.65,Credit Card,58.0,2859.9
TXN00780,2024-07-13 18:00:00,Electronics,West,8,123.47,PayPal,45.0,987.76
TXN00781,2024-07-14 00:00:00,Clothing,North,8,313.94,Cash,42.0,2511.52
TXN00782,2024-07-14 06:00:00,Electronics,North,9,239.67,PayPal,59.0,2157.03
TXN00783,2024-07-14 12:00:00,Electronics,South,7,438.46,Debit Card,61.0,3069.22
TXN00784,2024-07-14 18:00:00,Home & Garden,North,2,139.36,Cash,63.0,278.72
TXN00785,2024-07-15 00:00:00,Sports,East,8,6.83,Credit Card,50.0,54.64
TXN00786,2024-07-15 06:00:00,Electronics,East,7,85.47,PayPal,63.0,598.29
TXN00787,2024-07-15 12:00:00,Clothing,East,8,178.01,PayPal,31.0,1424.08
TXN00788,2024-07-15 18:00:00,Books,South,3,161.28,Credit Card,25.0,483.84
TXN00789,2024-07-16 00:00:00,Electronics,East,7,396.72,PayPal,65.0,2777.04
TXN00790,2024-07-16 06:00:00,Electronics,North,9,341.88,Credit Card,31.0,3076.92
TXN00791,2024-07-16 12:00:00,Home & Garden,West,3,153.28,Debit Card,18.0,459.84
TXN00792,2024-07-16 18:00:00,Sports,West,6,231.58,Cash,33.0,1389.48
TXN00793,2024-07-17 00:00:00,Books,Central,2,52.3,Debit Card,35.0,104.6
TXN00794,2024-07-17 06:00:00,Clothing,North,2,449.58,Debit Card,24.0,899.16
TXN00795,2024-07-17 12:00:00,Books,East,5,468.04,Credit Card,32.0,2340.2
TXN00796,2024-07-17 18:00:00,Clothing,West,5,490.0,PayPal,41.0,2450.0
TXN00797,2024-07-18 00:00:00,Sports,North,7,434.93,,66.0,3044.51
TXN00798,2024-07-18 06:00:00,Clothing,West,2,91.11,Debit Card,68.0,182.22
TXN00799,2024-07-18 12:00:00,Home & Garden,East,7,27.87,Debit Card,72.0,195.09
TXN00800,2024-07-18 18:00:00,Home & Garden,West,5,291.9,PayPal,30.0,1459.5
TXN00801,2024-07-19 00:00:00,Home & Garden,Central,6,456.74,PayPal,26.0,2740.44
TXN00802,2024-07-19 06:00:00,Home & Garden,Central,8,92.79,Credit Card,73.0,742.32
TXN00803,2024-07-19 12:00:00,Books,West,4,8.49,Debit Card,73.0,33.96
TXN00804,2024-07-19 18:00:00,Sports,North,7,403.72,Cash,32.0,2826.04
TXN00805,2024-07-20 00:00:00,Clothing,North,6,43.01,PayPal,74.0,258.06
TXN00806,2024-07-20 06:00:00,Clothing,North,2,209.78,Credit Card,52.0,419.56
TXN00807,2024-07-20 12:00:00,Home & Garden,West,8,341.05,Debit Card,41.0,2728.4
TXN00808,2024-07-20 18:00:00,Home & Garden,North,9,122.21,Cash,50.0,1099.89
TXN00809,2024-07-21 00:00:00,Electronics,East,5,46.56,PayPal,33.0,232.8
TXN00810,2024-07-21 06:00:00,Sports,Central,4,386.16,Cash,25.0,1544.64
TXN00811,2024-07-21 12:00:00,Books,East,6,316.94,PayPal,46.0,1901.64
TXN00812,2024-07-21 18:00:00,Clothing,North,8,494.3,Credit Card,40.0,3954.4
TXN00813,2024-07-22 00:00:00,Electronics,East,3,175.43,Cash,62.0,526.29
TXN00814,2024-07-22 06:00:00,Electronics,North,1,35.57,Debit Card,48.0,35.57
TXN00815,2024-07-22 12:00:00,Clothing,West,4,368.5,Debit Card,57.0,1474.0
TXN00816,2024-07-22 18:00:00,Books,East,4,263.26,PayPal,66.0,1053.04
TXN00817,2024-07-23 00:00:00,Electronics,West,1,110.54,Debit Card,71.0,110.54
TXN00818,2024-07-23 06:00:00,Electronics,West,9,391.96,Cash,72.0,3527.64
TXN00819,2024-07-23 12:00:00,Sports,South,3,105.86,Credit Card,31.0,317.58
TXN00820,2024-07-23 18:00:00,Books,North,5,134.03,PayPal,70.0,670.15
TXN00821,2024-07-24 00:00:00,Electronics,Central,6,50.8,Cash,47.0,304.8
TXN00822,2024-07-24 06:00:00,Books,North,8,202.72,PayPal,70.0,1621.76
TXN00823,2024-07-24 12:00:00,Clothing,Central,6,212.37,Credit Card,56.0,1274.22
TXN00824,2024-07-24 18:00:00,Home & Garden,North,3,259.71,PayPal,44.0,779.13
TXN00825,2024-07-25 00:00:00,Electronics,West,6,355.94,Debit Card,64.0,2135.64
TXN00826,2024-07-25 06:00:00,Sports,East,1,453.52,Debit Card,33.0,453.52
TXN00827,2024-07-25 12:00:00,Clothing,East,4,73.18,PayPal,68.0,292.72
TXN00828,2024-07-25 18:00:00,Books,South,6,31.9,Credit Card,23.0,191.4
TXN00829,2024-07-26 00:00:00,Clothing,Central,7,14.17,Credit Card,72.0,99.19
TXN00830,2024-07-26 06:00:00,Electronics,Central,3,76.09,Debit Card,50.0,228.27
TXN00831,2024-07-26 12:00:00,Books,Central,9,330.68,Credit Card,61.0,2976.12
TXN00832,2024-07-26 18:00:00,Home & Garden,West,7,365.1,PayPal,35.0,2555.7
TXN00833,2024-07-27 00:00:00,Clothing,Central,1,394.32,Cash,33.0,394.32
TXN00834,2024-07-27 06:00:00,Electronics,East,2,125.64,PayPal,29.0,251.28
TXN00835,2024-07-27 12:00:00,Sports,West,1,156.42,Debit Card,37.0,156.42
TXN00836,2024-07-27 18:00:00,Books,North,9,244.15,Debit Card,62.0,2197.35
TXN00837,2024-07-28 00:00:00,Clothing,Central,9,36.28,Debit Card,57.0,326.52
TXN00838,2024-07-28 06:00:00,Clothing,Central,7,307.52,Credit Card,46.0,2152.64
TXN00839,2024-07-28 12:00:00,Home & Garden,North,3,491.95,PayPal,47.0,1475.85
TXN00840,2024-07-28 18:00:00,Home & Garden,Central,5,183.6,Cash,43.0,918.0
TXN00841,2024-07-29 00:00:00,Sports,North,4,377.66,PayPal,39.0,1510.64
TXN00842,2024-07-29 06:00:00,Sports,West,7,252.52,Cash,50.0,1767.64
TXN00843,2024-07-29 12:00:00,Electronics,East,9,68.27,PayPal,70.0,614.43
TXN00844,2024-07-29 18:00:00,Electronics,North,2,293.21,Debit Card,56.0,586.42
TXN00845,2024-07-30 00:00:00,Sports,South,8,153.44,Cash,64.0,1227.52
TXN00846,2024-07-30 06:00:00,Sports,North,9,22.03,PayPal,46.0,198.27
TXN00847,2024-07-30 12:00:00,Books,Central,9,319.29,Credit Card,39.0,2873.61
TXN00848,2024-07-30 18:00:00,Home & Garden,West,7,430.17,Credit Card,62.0,3011.19
TXN00849,2024-07-31 00:00:00,Electronics,West,9,175.66,PayPal,30.0,1580.94
TXN00850,2024-07-31 06:00:00,Home & Garden,North,9,198.2,Debit Card,26.0,1783.8
TXN00851,2024-07-31 12:00:00,Home & Garden,East,3,446.06,Cash,41.0,1338.18
TXN00852,2024-07-31 18:00:00,Sports,South,4,407.74,,32.0,1630.96
TXN00853,2024-08-01 00:00:00,Books,West,2,358.9,Credit Card,53.0,717.8
TXN00854,2024-08-01 06:00:00,Clothing,Central,3,128.15,Cash,30.0,384.45
TXN00855,2024-08-01 12:00:00,Books,Central,5,455.56,Credit Card,44.0,2277.8
TXN00856,2024-08-01 18:00:00,Books,East,5,81.44,Credit Card,61.0,407.2
TXN00857,2024-08-02 00:00:00,Home & Garden,West,6,315.25,,54.0,1891.5
TXN00858,2024-08-02 06:00:00,Books,North,7,19.26,Credit Card,24.0,134.82
TXN00859,2024-08-02 12:00:00,Electronics,Central,7,323.64,Cash,25.0,2265.48
TXN00860,2024-08-02 18:00:00,Home & Garden,East,1,142.19,Debit Card,54.0,142.19
TXN00861,2024-08-03 00:00:00,Electronics,West,2,227.59,PayPal,58.0,455.18
TXN00862,2024-08-03 06:00:00,Clothing,West,9,175.91,Cash,31.0,1583.19
TXN00863,2024-08-03 12:00:00,Home & Garden,West,2,90.51,PayPal,29.0,181.02
TXN00864,2024-08-03 18:00:00,Clothing,West,6,312.88,Credit Card,53.0,1877.28
TXN00865,2024-08-04 00:00:00,Home & Garden,West,1,441.58,Credit Card,69.0,441.58
TXN00866,2024-08-04 06:00:00,Sports,Central,3,479.75,,57.0,1439.25
TXN00867,2024-08-04 12:00:00,Books,East,2,100.21,Cash,34.0,200.42
TXN00868,2024-08-04 18:00:00,Sports,West,3,360.1,Debit Card,57.0,1080.3
TXN00869,2024-08-05 00:00:00,Clothing,South,5,333.85,Cash,70.0,1669.25
TXN00870,2024-08-05 06:00:00,Books,South,6,174.97,Cash,46.0,1049.82
TXN00871,2024-08-05 12:00:00,Home & Garden,East,9,14.45,PayPal,44.0,130.05
TXN00872,2024-08-05 18:00:00,Books,North,4,346.45,Credit Card,18.0,1385.8
TXN00873,2024-08-06 00:00:00,Electronics,North,7,473.02,Cash,69.0,3311.14
TXN00874,2024-08-06 06:00:00,Books,North,6,317.9,Debit Card,51.0,1907.4
TXN00875,2024-08-06 12:00:00,Electronics,South,2,220.47,Cash,21.0,440.94
TXN00876,2024-08-06 18:00:00,Books,North,8,264.95,Credit Card,41.0,2119.6
TXN00877,2024-08-07 00:00:00,Electronics,Central,7,103.82,Cash,38.0,726.74
TXN00878,2024-08-07 06:00:00,Clothing,West,7,376.52,PayPal,50.0,2635.64
TXN00879,2024-08-07 12:00:00,Sports,South,8,374.48,Credit Card,24.0,2995.84
TXN00880,2024-08-07 18:00:00,Home & Garden,East,1,77.03,Cash,18.0,77.03
TXN00881,2024-08-08 00:00:00,Books,East,1,439.6,PayPal,58.0,439.6
TXN00882,2024-08-08 06:00:00,Sports,West,8,138.25,Credit Card,20.0,1106.0
TXN00883,2024-08-08 12:00:00,Home & Garden,South,4,491.22,Cash,61.0,1964.88
TXN00884,2024-08-08 18:00:00,Home & Garden,North,5,194.54,PayPal,68.0,972.7
TXN00885,2024-08-09 00:00:00,Electronics,North,8,93.05,Debit Card,32.0,744.4
TXN00886,2024-08-09 06:00:00,Clothing,Central,5,179.1,PayPal,48.0,895.5
TXN00887,2024-08-09 12:00:00,Clothing,Central,4,222.89,Debit Card,71.0,891.56
TXN00888,2024-08-09 18:00:00,Sports,North,6,39.31,Cash,33.0,235.86
TXN00889,2024-08-10 00:00:00,Clothing,East,5,291.22,PayPal,27.0,1456.1
TXN00890,2024-08-10 06:00:00,Books,East,7,300.83,Debit Card,71.0,2105.81
TXN00891,2024-08-10 12:00:00,Clothing,Central,7,370.77,Credit Card,46.0,2595.39
TXN00892,2024-08-10 18:00:00,Sports,West,4,19.44,PayPal,23.0,77.76
TXN00893,2024-08-11 00:00:00,Clothing,North,5,272.91,Cash,46.0,1364.55
TXN00894,2024-08-11 06:00:00,Books,Central,3,31.19,Credit Card,34.0,93.57
TXN00895,2024-08-11 12:00:00,Electronics,Central,4,352.07,Debit Card,70.0,1408.28
TXN00896,2024-08-11 18:00:00,Sports,North,4,32.59,PayPal,39.0,130.36
TXN00897,2024-08-12 00:00:00,Electronics,North,3,456.31,PayPal,41.0,1368.93
TXN00898,2024-08-12 06:00:00,Electronics,East,5,352.53,Cash,34.0,1762.65
TXN00899,2024-08-12 12:00:00,Electronics,West,5,256.16,Credit Card,38.0,1280.8
TXN00900,2024-08-12 18:00:00,Home & Garden,West,7,223.54,PayPal,68.0,1564.78
TXN00901,2024-08-13 00:00:00,Home & Garden,North,4,69.68,PayPal,67.0,278.72
TXN00902,2024-08-13 06:00:00,Electronics,South,4,149.04,Credit Card,28.0,596.16
TXN00903,2024-08-13 12:00:00,Sports,Central,9,435.13,PayPal,73.0,3916.17
TXN00904,2024-08-13 18:00:00,Books,Central,6,452.7,Credit Card,,2716.2
TXN00905,2024-08-14 00:00:00,Books,North,4,5.37,Credit Card,59.0,21.48
TXN00906,2024-08-14 06:00:00,Clothing,South,2,299.1,Credit Card,56.0,598.2
TXN00907,2024-08-14 12:00:00,Sports,East,6,361.05,Cash,22.0,2166.3
TXN00908,2024-08-14 18:00:00,Home & Garden,North,2,311.28,,61.0,622.56
TXN00909,2024-08-15 00:00:00,Electronics,North,5,45.43,Credit Card,65.0,227.15
TXN00910,2024-08-15 06:00:00,Clothing,Central,6,112.77,Debit Card,74.0,676.62
TXN00911,2024-08-15 12:00:00,Books,North,4,128.92,Debit Card,38.0,515.68
TXN00912,2024-08-15 18:00:00,Home & Garden,North,3,416.7,Cash,35.0,1250.1
TXN00913,2024-08-16 00:00:00,Home & Garden,North,7,234.28,Credit Card,52.0,1639.96
TXN00914,2024-08-16 06:00:00,Electronics,Central,2,245.98,Debit Card,37.0,491.96
TXN00915,2024-08-16 12:00:00,Books,East,6,467.77,Debit Card,32.0,2806.62
TXN00916,2024-08-16 18:00:00,Sports,East,4,320.36,PayPal,22.0,1281.44
TXN00917,2024-08-17 00:00:00,Home & Garden,North,6,449.84,Credit Card,30.0,2699.04
TXN00918,2024-08-17 06:00:00,Electronics,Central,4,230.97,Debit Card,68.0,923.88
TXN00919,2024-08-17 12:00:00,Sports,East,4,78.97,Cash,29.0,315.88
TXN00920,2024-08-17 18:00:00,Books,East,4,465.32,PayPal,72.0,1861.28
TXN00921,2024-08-18 00:00:00,Home & Garden,East,9,232.06,PayPal,38.0,2088.54
TXN00922,2024-08-18 06:00:00,Sports,Central,7,94.91,Credit Card,54.0,664.37
TXN00923,2024-08-18 12:00:00,Sports,Central,3,154.69,Credit Card,23.0,464.07
TXN00924,2024-08-18 18:00:00,Sports,North,3,30.15,PayPal,24.0,90.45
TXN00925,2024-08-19 00:00:00,Home & Garden,West,6,236.81,Cash,43.0,1420.86
TXN00926,2024-08-19 06:00:00,Home & Garden,East,6,427.3,Credit Card,59.0,2563.8
TXN00927,2024-08-19 12:00:00,Clothing,West,4,467.12,Credit Card,65.0,1868.48
TXN00928,2024-08-19 18:00:00,Books,Central,9,466.64,PayPal,25.0,4199.76
TXN00929,2024-08-20 00:00:00,Electronics,Central,4,66.99,PayPal,26.0,267.96
TXN00930,2024-08-20 06:00:00,Sports,Central,9,194.12,Credit Card,44.0,1747.08
TXN00931,2024-08-20 12:00:00,Clothing,West,4,18.97,Debit Card,21.0,75.88
TXN00932,2024-08-20 18:00:00,Electronics,Central,2,428.31,Credit Card,38.0,856.62
TXN00933,2024-08-21 00:00:00,Clothing,North,2,182.58,Debit Card,48.0,365.16
TXN00934,2024-08-21 06:00:00,Home & Garden,Central,5,317.4,PayPal,38.0,1587.0
TXN00935,2024-08-21 12:00:00,Sports,South,4,358.87,Debit Card,57.0,1435.48
TXN00936,2024-08-21 18:00:00,Electronics,West,7,217.77,Cash,42.0,1524.39
TXN00937,2024-08-22 00:00:00,Electronics,South,5,156.69,PayPal,56.0,783.45
TXN00938,2024-08-22 06:00:00,Electronics,Central,6,481.3,Credit Card,32.0,2887.8
TXN00939,2024-08-22 12:00:00,Electronics,North,4,482.42,Credit Card,70.0,1929.68
TXN00940,2024-08-22 18:00:00,Electronics,East,2,148.27,PayPal,52.0,296.54
TXN00941,2024-08-23 00:00:00,Clothing,Central,9,242.41,,66.0,2181.69
TXN00942,2024-08-23 06:00:00,Sports,North,7,486.56,Cash,60.0,3405.92
TXN00943,2024-08-23 12:00:00,Home & Garden,West,4,7.41,PayPal,58.0,29.64
TXN00944,2024-08-23 18:00:00,Home & Garden,South,3,209.28,Credit Card,54.0,627.84
TXN00945,2024-08-24 00:00:00,Home & Garden,South,3,54.73,Cash,74.0,164.19
TXN00946,2024-08-24 06:00:00,Home & Garden,South,9,257.03,Credit Card,59.0,2313.27
TXN00947,2024-08-24 12:00:00,Clothing,West,5,17.21,Debit Card,64.0,86.05
TXN00948,2024-08-24 18:00:00,Books,North,3,206.41,PayPal,45.0,619.23
TXN00949,2024-08-25 00:00:00,Sports,West,5,114.25,Debit Card,31.0,571.25
TXN00950,2024-08-25 06:00:00,Electronics,South,2,268.99,Credit Card,21.0,537.98
TXN00951,2024-08-25 12:00:00,Books,Central,4,498.02,Debit Card,70.0,1992.08
TXN00952,2024-08-25 18:00:00,Home & Garden,East,2,401.27,Debit Card,37.0,802.54
TXN00953,2024-08-26 00:00:00,Books,West,2,423.59,Credit Card,51.0,847.18
TXN00954,2024-08-26 06:00:00,Sports,West,8,319.46,Credit Card,29.0,2555.68
TXN00955,2024-08-26 12:00:00,Electronics,North,1,25.57,PayPal,50.0,25.57
TXN00956,2024-08-26 18:00:00,Electronics,North,7,107.36,Debit Card,41.0,751.52
TXN00957,2024-08-27 00:00:00,Sports,West,5,462.91,Cash,37.0,2314.55
TXN00958,2024-08-27 06:00:00,Sports,South,8,186.23,Cash,22.0,1489.84
TXN00959,2024-08-27 12:00:00,Home & Garden,East,1,56.3,Credit Card,55.0,56.3
TXN00960,2024-08-27 18:00:00,Electronics,North,7,352.69,Credit Card,47.0,2468.83
TXN00961,2024-08-28 00:00:00,Books,South,5,153.23,Debit Card,41.0,766.15
TXN00962,2024-08-28 06:00:00,Clothing,Central,4,138.08,Credit Card,60.0,552.32
TXN00963,2024-08-28 12:00:00,Clothing,North,7,499.0,Cash,57.0,3493.0
TXN00964,2024-08-28 18:00:00,Sports,South,2,429.78,PayPal,24.0,859.56
TXN00965,2024-08-29 00:00:00,Home & Garden,South,1,206.93,PayPal,53.0,206.93
TXN00966,2024-08-29 06:00:00,Clothing,East,1,490.23,Debit Card,55.0,490.23
TXN00967,2024-08-29 12:00:00,Electronics,East,1,326.81,PayPal,33.0,326.81
TXN00968,2024-08-29 18:00:00,Sports,Central,5,372.3,Credit Card,69.0,1861.5
TXN00969,2024-08-30 00:00:00,Books,South,7,20.6,Credit Card,32.0,144.2
TXN00970,2024-08-30 06:00:00,Sports,South,2,65.19,Credit Card,63.0,130.38
TXN00971,2024-08-30 12:00:00,Books,East,8,318.38,Credit Card,40.0,2547.04
TXN00972,2024-08-30 18:00:00,Sports,North,4,450.02,Debit Card,29.0,1800.08
TXN00973,2024-08-31 00:00:00,Sports,North,3,313.75,PayPal,46.0,941.25
TXN00974,2024-08-31 06:00:00,Sports,West,8,71.34,Cash,61.0,570.72
TXN00975,2024-08-31 12:00:00,Books,East,2,62.3,PayPal,65.0,124.6
TXN00976,2024-08-31 18:00:00,Books,West,3,422.87,Credit Card,32.0,1268.61
TXN00977,2024-09-01 00:00:00,Sports,East,3,73.95,Cash,46.0,221.85
TXN00978,2024-09-01 06:00:00,Clothing,Central,1,262.51,Debit Card,62.0,262.51
TXN00979,2024-09-01 12:00:00,Home & Garden,South,6,23.37,Credit Card,60.0,140.22
TXN00980,2024-09-01 18:00:00,Home & Garden,Central,2,44.93,Credit Card,,89.86
TXN00981,2024-09-02 00:00:00,Home & Garden,East,1,337.81,Cash,38.0,337.81
TXN00982,2024-09-02 06:00:00,Books,South,2,346.14,Debit Card,32.0,692.28
TXN00983,2024-09-02 12:00:00,Books,North,6,174.03,Cash,31.0,1044.18
TXN00984,2024-09-02 18:00:00,Clothing,North,4,111.73,Debit Card,59.0,446.92
TXN00985,2024-09-03 00:00:00,Home & Garden,West,6,407.79,Credit Card,61.0,2446.74
TXN00986,2024-09-03 06:00:00,Home & Garden,East,9,112.47,PayPal,33.0,1012.23
TXN00987,2024-09-03 12:00:00,Sports,East,8,273.3,Credit Card,32.0,2186.4
TXN00988,2024-09-03 18:00:00,Books,North,1,484.26,PayPal,59.0,484.26
TXN00989,2024-09-04 00:00:00,Home & Garden,Central,8,78.19,PayPal,21.0,625.52
TXN00990,2024-09-04 06:00:00,Clothing,South,9,470.73,Debit Card,44.0,4236.57
TXN00991,2024-09-04 12:00:00,Clothing,Central,6,95.53,Cash,40.0,573.18
TXN00992,2024-09-04 18:00:00,Home & Garden,Central,5,285.88,Debit Card,46.0,1429.4
TXN00993,2024-09-05 00:00:00,Books,North,6,191.62,Credit Card,58.0,1149.72
TXN00994,2024-09-05 06:00:00,Clothing,North,6,482.64,Cash,70.0,2895.84
TXN00995,2024-09-05 12:00:00,Sports,North,9,140.4,PayPal,69.0,1263.6
TXN00996,2024-09-05 18:00:00,Clothing,West,4,202.83,PayPal,26.0,811.32
TXN00997,2024-09-06 00:00:00,Electronics,Central,2,491.52,Credit Card,70.0,983.04
TXN00998,2024-09-06 06:00:00,Electronics,East,9,270.55,Cash,74.0,2434.95
TXN00999,2024-09-06 12:00:00,Books,South,2,253.8,Credit Card,73.0,507.6
TXN01000,2024-09-06 18:00:00,Home & Garden,West,9,132.6,Credit Card,69.0,1193.4
TXN01001,2024-09-07 00:00:00,Books,East,2,352.17,Debit Card,60.0,704.34
TXN01002,2024-09-07 06:00:00,Books,Central,8,12.11,Credit Card,60.0,96.88
TXN01003,2024-09-07 12:00:00,Books,North,9,29.51,Cash,24.0,265.59
TXN01004,2024-09-07 18:00:00,Books,Central,9,301.68,Credit Card,70.0,2715.12
TXN01005,2024-09-08 00:00:00,Sports,South,9,174.13,Cash,59.0,1567.17
TXN01006,2024-09-08 06:00:00,Sports,West,2,476.89,PayPal,21.0,953.78
TXN01007,2024-09-08 12:00:00,Clothing,West,4,452.08,Credit Card,22.0,1808.32
TXN01008,2024-09-08 18:00:00,Electronics,South,7,358.28,Cash,22.0,2507.96
TXN01009,2024-09-09 00:00:00,Books,East,2,409.98,PayPal,28.0,819.96
TXN01010,2024-09-09 06:00:00,Clothing,East,1,335.33,Cash,58.0,335.33
TXN01011,2024-09-09 12:00:00,Electronics,West,3,67.16,PayPal,45.0,201.48
TXN01012,2024-09-09 18:00:00,Home & Garden,West,4,383.94,Debit Card,33.0,1535.76
TXN01013,2024-09-10 00:00:00,Sports,North,8,109.05,Credit Card,58.0,872.4
TXN01014,2024-09-10 06:00:00,Electronics,East,6,165.1,Credit Card,71.0,990.6
TXN01015,2024-09-10 12:00:00,Home & Garden,South,2,410.52,PayPal,47.0,821.04
TXN01016,2024-09-10 18:00:00,Electronics,East,9,270.58,Debit Card,21.0,2435.22
TXN01017,2024-09-11 00:00:00,Sports,North,2,430.67,Cash,19.0,861.34
TXN01018,2024-09-11 06:00:00,Sports,West,5,110.45,Debit Card,63.0,552.25
TXN01019,2024-09-11 12:00:00,Clothing,West,4,305.85,Cash,20.0,1223.4
TXN01020,2024-09-11 18:00:00,Books,North,7,46.48,Cash,67.0,325.36
TXN01021,2024-09-12 00:00:00,Electronics,South,8,323.32,Credit Card,38.0,2586.56
TXN01022,2024-09-12 06:00:00,Electronics,West,5,382.45,PayPal,23.0,1912.25
TXN01023,2024-09-12 12:00:00,Home & Garden,Central,5,294.54,Credit Card,60.0,1472.7
TXN01024,2024-09-12 18:00:00,Sports,West,2,136.78,Credit Card,70.0,273.56
TXN01025,2024-09-13 00:00:00,Electronics,Central,8,20.51,Credit Card,35.0,164.08
TXN01026,2024-09-13 06:00:00,Sports,North,2,64.13,Cash,61.0,128.26
TXN01027,2024-09-13 12:00:00,Electronics,North,6,313.04,Credit Card,22.0,1878.24
TXN01028,2024-09-13 18:00:00,Clothing,West,8,467.54,Cash,26.0,3740.32
TXN01029,2024-09-14 00:00:00,Books,East,6,107.23,PayPal,37.0,643.38
TXN01030,2024-09-14 06:00:00,Electronics,Central,4,368.84,Cash,45.0,1475.36
TXN01031,2024-09-14 12:00:00,Sports,South,4,433.89,Cash,43.0,1735.56
TXN01032,2024-09-14 18:00:00,Clothing,West,6,262.84,Debit Card,35.0,1577.04
TXN01033,2024-09-15 00:00:00,Electronics,South,4,336.29,Credit Card,36.0,1345.16
TXN01034,2024-09-15 06:00:00,Home & Garden,West,8,408.43,Credit Card,20.0,3267.44
TXN01035,2024-09-15 12:00:00,Books,East,9,134.03,Credit Card,26.0,1206.27
TXN01036,2024-09-15 18:00:00,Electronics,East,1,151.96,Credit Card,53.0,151.96
TXN01037,2024-09-16 00:00:00,Clothing,East,4,5.31,Debit Card,48.0,21.24
TXN01038,2024-09-16 06:00:00,Home & Garden,East,4,481.73,Debit Card,66.0,1926.92
TXN01039,2024-09-16 12:00:00,Clothing,North,2,459.18,Debit Card,34.0,918.36
TXN01040,2024-09-16 18:00:00,Clothing,North,6,383.46,Debit Card,72.0,2300.76
TXN01041,2024-09-17 00:00:00,Home & Garden,Central,3,44.14,Credit Card,40.0,132.42
TXN01042,2024-09-17 06:00:00,Clothing,South,7,226.51,Cash,51.0,1585.57
TXN01043,2024-09-17 12:00:00,Home & Garden,West,5,55.44,PayPal,58.0,277.2
TXN01044,2024-09-17 18:00:00,Electronics,West,4,12.88,Debit Card,58.0,51.52
TXN01045,2024-09-18 00:00:00,Home & Garden,North,5,310.01,Cash,22.0,1550.05
TXN01046,2024-09-18 06:00:00,Home & Garden,West,8,480.61,Debit Card,32.0,3844.88
TXN01047,2024-09-18 12:00:00,Books,North,3,451.92,Credit Card,64.0,1355.76
TXN01048,2024-09-18 18:00:00,Home & Garden,Central,7,349.89,Credit Card,20.0,2449.23
TXN01049,2024-09-19 00:00:00,Home & Garden,South,6,52.84,Cash,36.0,317.04
TXN01050,2024-09-19 06:00:00,Electronics,Central,1,140.71,Cash,45.0,140.71
TXN01051,2024-09-19 12:00:00,Books,East,7,163.43,Cash,20.0,1144.01
TXN01052,2024-09-19 18:00:00,Sports,East,7,382.76,,55.0,2679.32
TXN01053,2024-09-20 00:00:00,Electronics,East,1,402.11,Credit Card,21.0,402.11
TXN01054,2024-09-20 06:00:00,Electronics,Central,9,195.63,PayPal,41.0,1760.67
TXN01055,2024-09-20 12:00:00,Sports,West,6,211.85,Cash,48.0,1271.1
TXN01056,2024-09-20 18:00:00,Home & Garden,South,2,27.03,PayPal,62.0,54.06
TXN01057,2024-09-21 00:00:00,Clothing,East,5,148.12,Debit Card,62.0,740.6
TXN01058,2024-09-21 06:00:00,Books,East,4,228.39,PayPal,28.0,913.56
TXN01059,2024-09-21 12:00:00,Clothing,East,7,62.91,Debit Card,54.0,440.37
TXN01060,2024-09-21 18:00:00,Sports,South,8,229.37,Debit Card,18.0,1834.96
TXN01061,2024-09-22 00:00:00,Electronics,East,1,427.32,PayPal,26.0,427.32
TXN01062,2024-09-22 06:00:00,Electronics,South,5,292.75,Cash,34.0,1463.75
TXN01063,2024-09-22 12:00:00,Books,East,3,44.07,,71.0,132.21
TXN01064,2024-09-22 18:00:00,Electronics,Central,1,99.88,Cash,18.0,99.88
TXN01065,2024-09-23 00:00:00,Electronics,Central,3,239.9,Credit Card,20.0,719.7
TXN01066,2024-09-23 06:00:00,Books,South,6,183.94,Debit Card,64.0,1103.64
TXN01067,2024-09-23 12:00:00,Books,Central,7,182.57,Credit Card,43.0,1277.99
TXN01068,2024-09-23 18:00:00,Sports,South,8,266.99,PayPal,70.0,2135.92
TXN01069,2024-09-24 00:00:00,Electronics,Central,4,294.28,Cash,48.0,1177.12
TXN01070,2024-09-24 06:00:00,Electronics,Central,3,399.45,PayPal,43.0,1198.35
TXN01071,2024-09-24 12:00:00,Sports,South,5,173.78,Debit Card,40.0,868.9
TXN01072,2024-09-24 18:00:00,Home & Garden,West,9,403.71,Credit Card,47.0,3633.39
TXN01073,2024-09-25 00:00:00,Home & Garden,Central,6,172.61,Debit Card,27.0,1035.66
TXN01074,2024-09-25 06:00:00,Home & Garden,East,9,32.44,PayPal,25.0,291.96
TXN01075,2024-09-25 12:00:00,Sports,West,6,279.32,Cash,61.0,1675.92
TXN01076,2024-09-25 18:00:00,Electronics,South,2,296.01,Cash,42.0,592.02
TXN01077,2024-09-26 00:00:00,Sports,West,5,467.6,Debit Card,39.0,2338.0
TXN01078,2024-09-26 06:00:00,Sports,North,9,364.4,Debit Card,32.0,3279.6
TXN01079,2024-09-26 12:00:00,Home & Garden,North,8,459.3,Credit Card,58.0,3674.4
TXN01080,2024-09-26 18:00:00,Clothing,Central,7,454.63,PayPal,73.0,3182.41
TXN01081,2024-09-27 00:00:00,Electronics,Central,1,304.26,Debit Card,74.0,304.26
TXN01082,2024-09-27 06:00:00,Home & Garden,East,4,266.24,Credit Card,27.0,1064.96
TXN01083,2024-09-27 12:00:00,Clothing,West,7,280.93,Debit Card,37.0,1966.51
TXN01084,2024-09-27 18:00:00,Clothing,North,7,489.27,Cash,58.0,3424.89
TXN01085,2024-09-28 00:00:00,Books,Central,6,387.72,Credit Card,64.0,2326.32
TXN01086,2024-09-28 06:00:00,Electronics,West,8,57.6,Credit Card,40.0,460.8
TXN01087,2024-09-28 12:00:00,Clothing,Central,6,390.32,Debit Card,70.0,2341.92
TXN01088,2024-09-28 18:00:00,Home & Garden,Central,3,89.42,PayPal,70.0,268.26
TXN01089,2024-09-29 00:00:00,Books,North,4,226.44,Cash,18.0,905.76
TXN01090,2024-09-29 06:00:00,Electronics,North,3,109.18,PayPal,19.0,327.54
TXN01091,2024-09-29 12:00:00,Sports,Central,1,346.34,Credit Card,36.0,346.34
TXN01092,2024-09-29 18:00:00,Home & Garden,South,5,439.27,PayPal,31.0,2196.35
TXN01093,2024-09-30 00:00:00,Clothing,Central,1,148.73,Credit Card,25.0,148.73
TXN01094,2024-09-30 06:00:00,Clothing,Central,1,45.6,PayPal,55.0,45.6
TXN01095,2024-09-30 12:00:00,Home & Garden,East,2,152.75,Debit Card,29.0,305.5
TXN01096,2024-09-30 18:00:00,Clothing,East,4,337.82,PayPal,43.0,1351.28
TXN01097,2024-10-01 00:00:00,Books,East,6,167.74,Credit Card,44.0,1006.44
TXN01098,2024-10-01 06:00:00,Electronics,South,8,142.67,Cash,46.0,1141.36
TXN01099,2024-10-01 12:00:00,Books,South,3,96.3,Cash,32.0,288.9
TXN01100,2024-10-01 18:00:00,Clothing,Central,1,251.27,Cash,63.0,251.27
TXN01101,2024-10-02 00:00:00,Sports,East,3,141.59,Credit Card,70.0,424.77
TXN01102,2024-10-02 06:00:00,Electronics,South,3,366.85,,18.0,1100.55
TXN01103,2024-10-02 12:00:00,Electronics,North,5,42.93,,60.0,214.65
TXN01104,2024-10-02 18:00:00,Home & Garden,Central,4,333.7,Cash,45.0,1334.8
TXN01105,2024-10-03 00:00:00,Home & Garden,West,4,122.59,Cash,74.0,490.36
TXN01106,2024-10-03 06:00:00,Sports,Central,9,247.19,Debit Card,20.0,2224.71
TXN01107,2024-10-03 12:00:00,Electronics,West,7,146.61,Credit Card,68.0,1026.27
TXN01108,2024-10-03 18:00:00,Sports,East,4,362.77,Credit Card,35.0,1451.08
TXN01109,2024-10-04 00:00:00,Home & Garden,West,3,472.93,Credit Card,69.0,1418.79
TXN01110,2024-10-04 06:00:00,Home & Garden,East,6,458.95,Credit Card,51.0,2753.7
TXN01111,2024-10-04 12:00:00,Electronics,North,3,293.8,Credit Card,49.0,881.4
TXN01112,2024-10-04 18:00:00,Books,West,6,233.99,Debit Card,46.0,1403.94
TXN01113,2024-10-05 00:00:00,Clothing,Central,9,410.06,PayPal,42.0,3690.54
TXN01114,2024-10-05 06:00:00,Home & Garden,East,6,343.25,Debit Card,43.0,2059.5
TXN01115,2024-10-05 12:00:00,Home & Garden,Central,4,95.86,Cash,56.0,383.44
TXN01116,2024-10-05 18:00:00,Books,South,5,411.36,Debit Card,25.0,2056.8
TXN01117,2024-10-06 00:00:00,Books,East,6,217.3,Credit Card,36.0,1303.8
TXN01118,2024-10-06 06:00:00,Sports,West,3,98.55,Debit Card,71.0,295.65
TXN01119,2024-10-06 12:00:00,Sports,East,8,144.49,Credit Card,64.0,1155.92
TXN01120,2024-10-06 18:00:00,Clothing,Central,4,137.43,Debit Card,59.0,549.72
TXN01121,2024-10-07 00:00:00,Clothing,North,8,262.01,Credit Card,39.0,2096.08
TXN01122,2024-10-07 06:00:00,Electronics,East,3,121.01,Cash,46.0,363.03
TXN01123,2024-10-07 12:00:00,Sports,West,7,66.17,Credit Card,50.0,463.19
TXN01124,2024-10-07 18:00:00,Home & Garden,South,9,66.23,Debit Card,55.0,596.07
TXN01125,2024-10-08 00:00:00,Sports,North,4,293.72,Cash,62.0,1174.88
TXN01126,2024-10-08 06:00:00,Home & Garden,South,8,368.71,Debit Card,63.0,2949.68
TXN01127,2024-10-08 12:00:00,Books,East,3,164.16,Cash,52.0,492.48
TXN01128,2024-10-08 18:00:00,Sports,Central,7,22.15,PayPal,60.0,155.05
TXN01129,2024-10-09 00:00:00,Books,Central,3,67.98,PayPal,20.0,203.94
TXN01130,2024-10-09 06:00:00,Clothing,West,7,457.77,PayPal,36.0,3204.39
TXN01131,2024-10-09 12:00:00,Clothing,Central,6,249.3,Debit Card,27.0,1495.8
TXN01132,2024-10-09 18:00:00,Electronics,North,2,229.52,Debit Card,44.0,459.04
TXN01133,2024-10-10 00:00:00,Sports,Central,3,23.83,Cash,32.0,71.49
TXN01134,2024-10-10 06:00:00,Books,West,6,365.68,Cash,28.0,2194.08
TXN01135,2024-10-10 12:00:00,Home & Garden,East,4,266.39,Cash,64.0,1065.56
TXN01136,2024-10-10 18:00:00,Clothing,East,6,105.03,Cash,43.0,630.18
TXN01137,2024-10-11 00:00:00,Clothing,Central,1,59.49,Credit Card,41.0,59.49
TXN01138,2024-10-11 06:00:00,Home & Garden,South,1,194.78,PayPal,30.0,194.78
TXN01139,2024-10-11 12:00:00,Books,East,3,419.4,Credit Card,49.0,1258.2
TXN01140,2024-10-11 18:00:00,Books,Central,8,433.32,Credit Card,54.0,3466.56
TXN01141,2024-10-12 00:00:00,Sports,West,8,303.41,Credit Card,21.0,2427.28
TXN01142,2024-10-12 06:00:00,Sports,Central,4,365.13,Credit Card,30.0,1460.52
TXN01143,2024-10-12 12:00:00,Electronics,East,6,62.0,PayPal,26.0,372.0
TXN01144,2024-10-12 18:00:00,Clothing,West,8,296.12,Credit Card,74.0,2368.96
TXN01145,2024-10-13 00:00:00,Sports,Central,7,335.15,Cash,66.0,2346.05
TXN01146,2024-10-13 06:00:00,Books,North,7,104.35,Debit Card,51.0,730.45
TXN01147,2024-10-13 12:00:00,Home & Garden,West,4,440.68,Cash,73.0,1762.72
TXN01148,2024-10-13 18:00:00,Books,North,9,101.52,Debit Card,54.0,913.68
TXN01149,2024-10-14 00:00:00,Clothing,South,6,160.17,Cash,65.0,961.02
TXN01150,2024-10-14 06:00:00,Books,West,3,312.18,Cash,24.0,936.54
TXN01151,2024-10-14 12:00:00,Electronics,North,5,320.98,Debit Card,18.0,1604.9
TXN01152,2024-10-14 18:00:00,Clothing,East,5,351.2,PayPal,29.0,1756.0
TXN01153,2024-10-15 00:00:00,Home & Garden,East,5,60.45,Credit Card,38.0,302.25
TXN01154,2024-10-15 06:00:00,Electronics,South,8,425.48,Cash,28.0,3403.84
TXN01155,2024-10-15 12:00:00,Clothing,West,9,268.76,PayPal,61.0,2418.84
TXN01156,2024-10-15 18:00:00,Home & Garden,West,9,238.3,Credit Card,68.0,2144.7
TXN01157,2024-10-16 00:00:00,Electronics,West,6,490.64,PayPal,61.0,2943.84
TXN01158,2024-10-16 06:00:00,Electronics,South,6,371.49,PayPal,61.0,2228.94
TXN01159,2024-10-16 12:00:00,Clothing,West,9,63.41,Credit Card,31.0,570.69
TXN01160,2024-10-16 18:00:00,Sports,East,4,379.49,Cash,51.0,1517.96
TXN01161,2024-10-17 00:00:00,Electronics,North,6,52.15,PayPal,51.0,312.9
TXN01162,2024-10-17 06:00:00,Electronics,East,4,18.6,Cash,42.0,74.4
TXN01163,2024-10-17 12:00:00,Home & Garden,East,1,204.79,Cash,21.0,204.79
TXN01164,2024-10-17 18:00:00,Books,North,7,496.82,Cash,69.0,3477.74
TXN01165,2024-10-18 00:00:00,Clothing,East,6,91.57,Credit Card,72.0,549.42
TXN01166,2024-10-18 06:00:00,Clothing,South,9,337.96,Debit Card,43.0,3041.64
TXN01167,2024-10-18 12:00:00,Sports,North,7,90.83,Cash,33.0,635.81
TXN01168,2024-10-18 18:00:00,Sports,East,7,363.77,Debit Card,27.0,2546.39
TXN01169,2024-10-19 00:00:00,Clothing,Central,2,255.15,Debit Card,62.0,510.3
TXN01170,2024-10-19 06:00:00,Sports,East,9,341.59,PayPal,19.0,3074.31
TXN01171,2024-10-19 12:00:00,Home & Garden,South,9,105.42,Cash,52.0,948.78
TXN01172,2024-10-19 18:00:00,Clothing,West,6,374.09,Cash,36.0,2244.54
TXN01173,2024-10-20 00:00:00,Sports,East,3,497.83,Cash,23.0,1493.49
TXN01174,2024-10-20 06:00:00,Clothing,West,1,334.5,Debit Card,36.0,334.5
TXN01175,2024-10-20 12:00:00,Books,Central,4,249.27,Credit Card,70.0,997.08
TXN01176,2024-10-20 18:00:00,Electronics,East,3,461.97,Debit Card,69.0,1385.91
TXN01177,2024-10-21 00:00:00,Clothing,North,1,12.85,Cash,68.0,12.85
TXN01178,2024-10-21 06:00:00,Electronics,West,3,366.31,Cash,25.0,1098.93
TXN01179,2024-10-21 12:00:00,Sports,Central,4,444.93,Cash,31.0,1779.72
TXN01180,2024-10-21 18:00:00,Electronics,North,8,35.53,Debit Card,27.0,284.24
TXN01181,2024-10-22 00:00:00,Clothing,North,9,227.78,Cash,20.0,2050.02
TXN01182,2024-10-22 06:00:00,Books,North,3,106.34,PayPal,55.0,319.02
TXN01183,2024-10-22 12:00:00,Sports,North,6,285.43,Cash,46.0,1712.58
TXN01184,2024-10-22 18:00:00,Clothing,East,5,326.52,Credit Card,32.0,1632.6
TXN01185,2024-10-23 00:00:00,Sports,East,6,154.8,PayPal,40.0,928.8
TXN01186,2024-10-23 06:00:00,Home & Garden,East,4,232.69,Cash,40.0,930.76
TXN01187,2024-10-23 12:00:00,Electronics,Central,6,143.27,PayPal,35.0,859.62
TXN01188,2024-10-23 18:00:00,Home & Garden,Central,7,187.85,Cash,63.0,1314.95
TXN01189,2024-10-24 00:00:00,Clothing,Central,9,83.97,Credit Card,36.0,755.73
TXN01190,2024-10-24 06:00:00,Books,South,7,443.35,Cash,45.0,3103.45
TXN01191,2024-10-24 12:00:00,Sports,Central,6,9.96,PayPal,43.0,59.76
TXN01192,2024-10-24 18:00:00,Electronics,East,1,441.79,Credit Card,27.0,441.79
TXN01193,2024-10-25 00:00:00,Sports,East,2,287.98,Debit Card,64.0,575.96
TXN01194,2024-10-25 06:00:00,Clothing,South,1,169.17,Credit Card,21.0,169.17
TXN01195,2024-10-25 12:00:00,Sports,South,9,362.91,Credit Card,72.0,3266.19
TXN01196,2024-10-25 18:00:00,Electronics,Central,9,256.34,Credit Card,19.0,2307.06
TXN01197,2024-10-26 00:00:00,Clothing,West,7,252.06,PayPal,20.0,1764.42
TXN01198,2024-10-26 06:00:00,Sports,South,2,59.52,Credit Card,24.0,119.04
TXN01199,2024-10-26 12:00:00,Books,North,6,197.81,Cash,72.0,1186.86
TXN01200,2024-10-26 18:00:00,Clothing,East,4,124.33,Credit Card,33.0,497.32
TXN01201,2024-10-27 00:00:00,Clothing,North,1,12.77,Credit Card,48.0,12.77
TXN01202,2024-10-27 06:00:00,Books,East,1,183.25,Cash,27.0,183.25
TXN01203,2024-10-27 12:00:00,Home & Garden,East,5,49.46,Cash,36.0,247.3
TXN01204,2024-10-27 18:00:00,Electronics,South,2,132.13,Debit Card,45.0,264.26
TXN01205,2024-10-28 00:00:00,Home & Garden,South,4,50.8,Credit Card,34.0,203.2
TXN01206,2024-10-28 06:00:00,Sports,North,1,54.97,PayPal,45.0,54.97
TXN01207,2024-10-28 12:00:00,Books,East,4,103.51,Credit Card,,414.04
TXN01208,2024-10-28 18:00:00,Home & Garden,North,6,499.93,Credit Card,54.0,2999.58
TXN01209,2024-10-29 00:00:00,Clothing,West,4,6.08,Cash,40.0,24.32
TXN01210,2024-10-29 06:00:00,Sports,North,1,321.14,Debit Card,37.0,321.14
TXN01211,2024-10-29 12:00:00,Sports,Central,7,74.92,Credit Card,30.0,524.44
TXN01212,2024-10-29 18:00:00,Home & Garden,North,2,460.71,PayPal,30.0,921.42
TXN01213,2024-10-30 00:00:00,Home & Garden,Central,9,51.35,Credit Card,60.0,462.15
TXN01214,2024-10-30 06:00:00,Books,Central,3,477.76,PayPal,28.0,1433.28
TXN01215,2024-10-30 12:00:00,Electronics,Central,8,307.41,Cash,65.0,2459.28
TXN01216,2024-10-30 18:00:00,Home & Garden,West,8,5.63,Debit Card,32.0,45.04
TXN01217,2024-10-31 00:00:00,Home & Garden,North,3,447.53,Credit Card,34.0,1342.59
TXN01218,2024-10-31 06:00:00,Clothing,North,4,263.25,Debit Card,71.0,1053.0
TXN01219,2024-10-31 12:00:00,Sports,West,2,135.02,Credit Card,67.0,270.04
TXN01220,2024-10-31 18:00:00,Electronics,East,4,384.8,,45.0,1539.2
TXN01221,2024-11-01 00:00:00,Clothing,South,9,463.7,Debit Card,36.0,4173.3
TXN01222,2024-11-01 06:00:00,Books,North,2,244.43,Credit Card,21.0,488.86
TXN01223,2024-11-01 12:00:00,Books,South,3,161.2,Cash,39.0,483.6
TXN01224,2024-11-01 18:00:00,Home & Garden,West,4,395.53,PayPal,39.0,1582.12
TXN01225,2024-11-02 00:00:00,Home & Garden,East,5,342.48,Debit Card,72.0,1712.4
TXN01226,2024-11-02 06:00:00,Books,East,1,444.93,,54.0,444.93
TXN01227,2024-11-02 12:00:00,Home & Garden,East,7,347.79,Debit Card,56.0,2434.53
TXN01228,2024-11-02 18:00:00,Electronics,West,7,125.55,Credit Card,51.0,878.85
TXN01229,2024-11-03 00:00:00,Home & Garden,Central,9,466.17,PayPal,50.0,4195.53
TXN01230,2024-11-03 06:00:00,Sports,Central,4,56.89,Cash,61.0,227.56
TXN01231,2024-11-03 12:00:00,Home & Garden,South,6,137.63,PayPal,59.0,825.78
TXN01232,2024-11-03 18:00:00,Clothing,Central,2,262.5,Debit Card,57.0,525.0
TXN01233,2024-11-04 00:00:00,Electronics,Central,4,285.04,Debit Card,50.0,1140.16
TXN01234,2024-11-04 06:00:00,Clothing,East,2,12.58,Credit Card,29.0,25.16
TXN01235,2024-11-04 12:00:00,Clothing,East,5,391.38,PayPal,19.0,1956.9
TXN01236,2024-11-04 18:00:00,Sports,South,7,184.0,Credit Card,45.0,1288.0
TXN01237,2024-11-05 00:00:00,Electronics,North,1,206.18,PayPal,27.0,206.18
TXN01238,2024-11-05 06:00:00,Electronics,South,7,405.64,Debit Card,39.0,2839.48
TXN01239,2024-11-05 12:00:00,Electronics,South,6,192.75,Credit Card,34.0,1156.5
TXN01240,2024-11-05 18:00:00,Electronics,West,6,28.38,Credit Card,43.0,170.28
TXN01241,2024-11-06 00:00:00,Electronics,West,8,92.34,PayPal,20.0,738.72
TXN01242,2024-11-06 06:00:00,Sports,South,8,478.17,Cash,24.0,3825.36
TXN01243,2024-11-06 12:00:00,Home & Garden,South,6,39.85,PayPal,61.0,239.1
TXN01244,2024-11-06 18:00:00,Clothing,South,3,180.69,Cash,25.0,542.07
TXN01245,2024-11-07 00:00:00,Electronics,Central,5,254.07,PayPal,37.0,1270.35
TXN01246,2024-11-07 06:00:00,Home & Garden,West,2,249.17,Debit Card,29.0,498.34
TXN01247,2024-11-07 12:00:00,Home & Garden,South,5,6.96,Credit Card,,34.8
TXN01248,2024-11-07 18:00:00,Clothing,East,9,253.08,PayPal,34.0,2277.72
TXN01249,2024-11-08 00:00:00,Sports,East,1,194.97,Debit Card,45.0,194.97
TXN01250,2024-11-08 06:00:00,Books,Central,5,486.18,PayPal,58.0,2430.9
TXN01251,2024-11-08 12:00:00,Books,Central,6,83.78,Credit Card,27.0,502.68
TXN01252,2024-11-08 18:00:00,Home & Garden,North,7,180.31,PayPal,39.0,1262.17
TXN01253,2024-11-09 00:00:00,Clothing,North,9,212.64,Cash,55.0,1913.76
TXN01254,2024-11-09 06:00:00,Books,North,6,198.39,Credit Card,74.0,1190.34
TXN01255,2024-11-09 12:00:00,Home & Garden,Central,5,334.59,Cash,50.0,1672.95
TXN01256,2024-11-09 18:00:00,Sports,Central,7,111.68,Debit Card,39.0,781.76
TXN01257,2024-11-10 00:00:00,Books,Central,1,114.43,Debit Card,61.0,114.43
TXN01258,2024-11-10 06:00:00,Home & Garden,East,5,365.96,PayPal,54.0,1829.8
TXN01259,2024-11-10 12:00:00,Home & Garden,Central,2,252.64,Cash,30.0,505.28
TXN01260,2024-11-10 18:00:00,Electronics,East,4,210.5,Cash,44.0,842.0
TXN01261,2024-11-11 00:00:00,Sports,North,7,88.76,Credit Card,32.0,621.32
TXN01262,2024-11-11 06:00:00,Electronics,North,5,97.83,Cash,39.0,489.15
TXN01263,2024-11-11 12:00:00,Clothing,North,6,10.22,Cash,47.0,61.32
TXN01264,2024-11-11 18:00:00,Electronics,South,2,50.26,Credit Card,60.0,100.52
TXN01265,2024-11-12 00:00:00,Electronics,South,3,280.64,Credit Card,57.0,841.92
TXN01266,2024-11-12 06:00:00,Books,West,7,446.48,Cash,54.0,3125.36
TXN01267,2024-11-12 12:00:00,Home & Garden,West,2,147.15,PayPal,51.0,294.3
TXN01268,2024-11-12 18:00:00,Sports,West,6,167.23,Credit Card,61.0,1003.38
TXN01269,2024-11-13 00:00:00,Electronics,South,5,62.22,Credit Card,51.0,311.1
TXN01270,2024-11-13 06:00:00,Sports,South,1,197.37,Cash,65.0,197.37
TXN01271,2024-11-13 12:00:00,Electronics,West,4,23.42,Cash,70.0,93.68
TXN01272,2024-11-13 18:00:00,Clothing,West,2,459.21,Credit Card,52.0,918.42
TXN01273,2024-11-14 00:00:00,Electronics,Central,4,338.19,Cash,59.0,1352.76
TXN01274,2024-11-14 06:00:00,Books,West,1,495.42,Credit Card,36.0,495.42
TXN01275,2024-11-14 12:00:00,Home & Garden,Central,2,442.0,PayPal,25.0,884.0
TXN01276,2024-11-14 18:00:00,Clothing,East,8,239.13,PayPal,56.0,1913.04
TXN01277,2024-11-15 00:00:00,Electronics,South,6,262.24,Credit Card,50.0,1573.44
TXN01278,2024-11-15 06:00:00,Sports,West,2,99.34,Credit Card,61.0,198.68
TXN01279,2024-11-15 12:00:00,Clothing,South,6,233.71,Debit Card,45.0,1402.26
TXN01280,2024-11-15 18:00:00,Clothing,South,9,452.0,Debit Card,54.0,4068.0
TXN01281,2024-11-16 00:00:00,Electronics,South,7,30.17,Cash,65.0,211.19
TXN01282,2024-11-16 06:00:00,Clothing,East,9,432.46,Cash,42.0,3892.14
TXN01283,2024-11-16 12:00:00,Sports,North,5,173.77,Credit Card,53.0,868.85
TXN01284,2024-11-16 18:00:00,Clothing,West,7,450.26,Credit Card,34.0,3151.82
TXN01285,2024-11-17 00:00:00,Sports,North,7,470.74,Debit Card,41.0,3295.18
TXN01286,2024-11-17 06:00:00,Electronics,North,3,337.08,Debit Card,38.0,1011.24
TXN01287,2024-11-17 12:00:00,Home & Garden,North,7,333.89,Credit Card,19.0,2337.23
TXN01288,2024-11-17 18:00:00,Clothing,South,1,229.11,PayPal,48.0,229.11
TXN01289,2024-11-18 00:00:00,Home & Garden,Central,9,418.59,PayPal,61.0,3767.31
TXN01290,2024-11-18 06:00:00,Sports,South,6,481.0,Cash,50.0,2886.0
TXN01291,2024-11-18 12:00:00,Clothing,South,5,388.67,Credit Card,47.0,1943.35
TXN01292,2024-11-18 18:00:00,Books,North,7,312.86,Credit Card,29.0,2190.02
TXN01293,2024-11-19 00:00:00,Home & Garden,South,5,305.36,Cash,61.0,1526.8
TXN01294,2024-11-19 06:00:00,Clothing,North,5,425.49,Debit Card,29.0,2127.45
TXN01295,2024-11-19 12:00:00,Home & Garden,Central,7,272.9,Debit Card,68.0,1910.3
TXN01296,2024-11-19 18:00:00,Clothing,West,7,402.91,PayPal,74.0,2820.37
TXN01297,2024-11-20 00:00:00,Electronics,North,3,256.9,Credit Card,66.0,770.7
TXN01298,2024-11-20 06:00:00,Home & Garden,Central,3,35.91,Debit Card,69.0,107.73
TXN01299,2024-11-20 12:00:00,Books,West,3,195.05,PayPal,41.0,585.15
TXN01300,2024-11-20 18:00:00,Books,East,6,225.0,PayPal,41.0,1350.0
TXN01301,2024-11-21 00:00:00,Sports,North,6,75.1,PayPal,28.0,450.6
TXN01302,2024-11-21 06:00:00,Clothing,North,3,55.74,Debit Card,30.0,167.22
TXN01303,2024-11-21 12:00:00,Home & Garden,East,3,270.06,Debit Card,44.0,810.18
TXN01304,2024-11-21 18:00:00,Sports,East,8,47.15,Credit Card,25.0,377.2
TXN01305,2024-11-22 00:00:00,Home & Garden,North,8,154.96,Credit Card,27.0,1239.68
TXN01306,2024-11-22 06:00:00,Clothing,East,7,373.58,PayPal,25.0,2615.06
TXN01307,2024-11-22 12:00:00,Books,South,4,482.39,PayPal,37.0,1929.56
TXN01308,2024-11-22 18:00:00,Electronics,West,4,360.35,Debit Card,25.0,1441.4
TXN01309,2024-11-23 00:00:00,Books,West,3,496.35,Debit Card,26.0,1489.05
TXN01310,2024-11-23 06:00:00,Sports,West,5,350.68,Credit Card,24.0,1753.4
TXN01311,2024-11-23 12:00:00,Electronics,South,3,150.43,Credit Card,31.0,451.29
TXN01312,2024-11-23 18:00:00,Sports,East,8,337.67,Cash,45.0,2701.36
TXN01313,2024-11-24 00:00:00,Clothing,Central,7,352.57,Credit Card,19.0,2467.99
TXN01314,2024-11-24 06:00:00,Electronics,East,3,189.0,Debit Card,,567.0
TXN01315,2024-11-24 12:00:00,Sports,North,9,13.77,PayPal,60.0,123.93
TXN01316,2024-11-24 18:00:00,Clothing,West,5,353.08,Cash,25.0,1765.4
TXN01317,2024-11-25 00:00:00,Books,East,9,15.74,Credit Card,30.0,141.66
TXN01318,2024-11-25 06:00:00,Clothing,Central,7,317.44,Credit Card,38.0,2222.08
TXN01319,2024-11-25 12:00:00,Home & Garden,North,7,85.99,Debit Card,64.0,601.93
TXN01320,2024-11-25 18:00:00,Clothing,South,6,284.97,Cash,45.0,1709.82
TXN01321,2024-11-26 00:00:00,Clothing,South,2,254.44,Credit Card,52.0,508.88
TXN01322,2024-11-26 06:00:00,Home & Garden,Central,9,11.69,PayPal,40.0,105.21
TXN01323,2024-11-26 12:00:00,Sports,North,6,184.62,Debit Card,63.0,1107.72
TXN01324,2024-11-26 18:00:00,Sports,West,8,302.54,Cash,32.0,2420.32
TXN01325,2024-11-27 00:00:00,Clothing,East,1,425.06,Credit Card,19.0,425.06
TXN01326,2024-11-27 06:00:00,Home & Garden,North,5,444.88,Credit Card,68.0,2224.4
TXN01327,2024-11-27 12:00:00,Home & Garden,South,1,244.51,Cash,29.0,244.51
TXN01328,2024-11-27 18:00:00,Books,Central,8,365.57,Debit Card,74.0,2924.56
TXN01329,2024-11-28 00:00:00,Sports,Central,8,161.65,Cash,69.0,1293.2
TXN01330,2024-11-28 06:00:00,Electronics,East,1,174.38,Cash,53.0,174.38
TXN01331,2024-11-28 12:00:00,Sports,Central,9,101.26,Debit Card,20.0,911.34
TXN01332,2024-11-28 18:00:00,Sports,Central,2,283.16,Credit Card,22.0,566.32
TXN01333,2024-11-29 00:00:00,Books,North,9,160.71,PayPal,20.0,1446.39
TXN01334,2024-11-29 06:00:00,Electronics,West,1,46.76,Debit Card,74.0,46.76
TXN01335,2024-11-29 12:00:00,Books,East,9,344.08,PayPal,64.0,3096.72
TXN01336,2024-11-29 18:00:00,Electronics,North,4,355.34,Credit Card,36.0,1421.36
TXN01337,2024-11-30 00:00:00,Clothing,West,9,183.2,Cash,19.0,1648.8
TXN01338,2024-11-30 06:00:00,Electronics,North,7,42.98,PayPal,61.0,300.86
TXN01339,2024-11-30 12:00:00,Books,North,6,216.02,Credit Card,54.0,1296.12
TXN01340,2024-11-30 18:00:00,Sports,Central,5,223.96,Credit Card,71.0,1119.8
TXN01341,2024-12-01 00:00:00,Electronics,West,9,335.99,Cash,34.0,3023.91
TXN01342,2024-12-01 06:00:00,Electronics,East,2,161.13,Cash,31.0,322.26
TXN01343,2024-12-01 12:00:00,Home & Garden,East,2,342.89,Credit Card,45.0,685.78
TXN01344,2024-12-01 18:00:00,Sports,West,9,436.39,Credit Card,44.0,3927.51
TXN01345,2024-12-02 00:00:00,Clothing,Central,3,122.56,PayPal,71.0,367.68
TXN01346,2024-12-02 06:00:00,Books,South,8,489.57,Credit Card,27.0,3916.56
TXN01347,2024-12-02 12:00:00,Clothing,North,9,196.25,Credit Card,20.0,1766.25
TXN01348,2024-12-02 18:00:00,Sports,Central,8,137.29,PayPal,53.0,1098.32
TXN01349,2024-12-03 00:00:00,Electronics,West,4,213.65,Debit Card,55.0,854.6
TXN01350,2024-12-03 06:00:00,Electronics,North,1,51.73,PayPal,73.0,51.73
TXN01351,2024-12-03 12:00:00,Sports,East,4,67.22,PayPal,42.0,268.88
TXN01352,2024-12-03 18:00:00,Electronics,South,9,210.14,Cash,39.0,1891.26
TXN01353,2024-12-04 00:00:00,Electronics,East,2,382.41,PayPal,65.0,764.82
TXN01354,2024-12-04 06:00:00,Electronics,West,3,450.65,Credit Card,,1351.95
TXN01355,2024-12-04 12:00:00,Books,North,8,334.08,Credit Card,64.0,2672.64
TXN01356,2024-12-04 18:00:00,Books,West,6,57.08,Credit Card,47.0,342.48
TXN01357,2024-12-05 00:00:00,Home & Garden,North,8,337.65,Debit Card,38.0,2701.2
TXN01358,2024-12-05 06:00:00,Clothing,Central,7,319.54,Credit Card,47.0,2236.78
TXN01359,2024-12-05 12:00:00,Sports,South,5,403.85,Debit Card,45.0,2019.25
TXN01360,2024-12-05 18:00:00,Sports,Central,9,413.5,Credit Card,48.0,3721.5
TXN01361,2024-12-06 00:00:00,Sports,Central,4,434.76,PayPal,74.0,1739.04
TXN01362,2024-12-06 06:00:00,Home & Garden,West,6,210.0,Cash,69.0,1260.0
TXN01363,2024-12-06 12:00:00,Books,South,2,350.44,Credit Card,43.0,700.88
TXN01364,2024-12-06 18:00:00,Home & Garden,North,2,137.78,Debit Card,60.0,275.56
TXN01365,2024-12-07 00:00:00,Sports,North,2,499.67,Debit Card,39.0,999.34
TXN01366,2024-12-07 06:00:00,Clothing,East,7,91.79,Cash,38.0,642.53
TXN01367,2024-12-07 12:00:00,Electronics,North,2,10.01,Credit Card,18.0,20.02
TXN01368,2024-12-07 18:00:00,Books,West,2,78.66,PayPal,54.0,157.32
TXN01369,2024-12-08 00:00:00,Books,Central,9,389.06,Credit Card,30.0,3501.54
TXN01370,2024-12-08 06:00:00,Home & Garden,Central,7,226.16,Credit Card,38.0,1583.12
TXN01371,2024-12-08 12:00:00,Books,Central,3,226.51,Cash,63.0,679.53
TXN01372,2024-12-08 18:00:00,Sports,South,3,477.74,Credit Card,26.0,1433.22
TXN01373,2024-12-09 00:00:00,Sports,North,7,460.22,PayPal,34.0,3221.54
TXN01374,2024-12-09 06:00:00,Home & Garden,West,5,159.04,Debit Card,64.0,795.2
TXN01375,2024-12-09 12:00:00,Sports,South,6,108.48,Cash,38.0,650.88
TXN01376,2024-12-09 18:00:00,Clothing,East,8,425.0,PayPal,48.0,3400.0
TXN01377,2024-12-10 00:00:00,Home & Garden,West,9,453.48,Debit Card,56.0,4081.32
TXN01378,2024-12-10 06:00:00,Clothing,West,1,273.09,Cash,71.0,273.09
TXN01379,2024-12-10 12:00:00,Electronics,West,3,316.56,Cash,,949.68
TXN01380,2024-12-10 18:00:00,Clothing,Central,7,132.17,Debit Card,29.0,925.19
TXN01381,2024-12-11 00:00:00,Electronics,West,6,401.4,Debit Card,72.0,2408.4
TXN01382,2024-12-11 06:00:00,Electronics,North,7,317.9,PayPal,23.0,2225.3
TXN01383,2024-12-11 12:00:00,Clothing,West,8,254.24,Credit Card,70.0,2033.92
TXN01384,2024-12-11 18:00:00,Home & Garden,Central,6,34.75,Credit Card,33.0,208.5
TXN01385,2024-12-12 00:00:00,Sports,West,3,458.39,Credit Card,43.0,1375.17
TXN01386,2024-12-12 06:00:00,Sports,East,2,309.65,Credit Card,22.0,619.3
TXN01387,2024-12-12 12:00:00,Electronics,East,7,100.38,Credit Card,26.0,702.66
TXN01388,2024-12-12 18:00:00,Electronics,Central,1,305.16,PayPal,63.0,305.16
TXN01389,2024-12-13 00:00:00,Home & Garden,North,3,340.34,Cash,57.0,1021.02
TXN01390,2024-12-13 06:00:00,Books,North,4,265.26,PayPal,31.0,1061.04
TXN01391,2024-12-13 12:00:00,Clothing,South,1,360.46,PayPal,61.0,360.46
TXN01392,2024-12-13 18:00:00,Electronics,Central,5,292.82,PayPal,59.0,1464.1
TXN01393,2024-12-14 00:00:00,Sports,West,3,474.15,Cash,47.0,1422.45
TXN01394,2024-12-14 06:00:00,Home & Garden,Central,2,31.58,PayPal,69.0,63.16
TXN01395,2024-12-14 12:00:00,Clothing,South,3,57.59,PayPal,69.0,172.77
TXN01396,2024-12-14 18:00:00,Home & Garden,Central,8,90.97,Cash,43.0,727.76
TXN01397,2024-12-15 00:00:00,Clothing,Central,6,346.63,PayPal,70.0,2079.78
TXN01398,2024-12-15 06:00:00,Clothing,South,7,324.57,Credit Card,62.0,2271.99
TXN01399,2024-12-15 12:00:00,Electronics,North,6,446.57,Debit Card,46.0,2679.42
TXN01400,2024-12-15 18:00:00,Home & Garden,West,6,367.77,PayPal,36.0,2206.62
TXN01401,2024-12-16 00:00:00,Home & Garden,South,3,256.64,Debit Card,64.0,769.92
TXN01402,2024-12-16 06:00:00,Sports,East,8,495.96,PayPal,25.0,3967.68
TXN01403,2024-12-16 12:00:00,Sports,North,7,136.72,PayPal,40.0,957.04
TXN01404,2024-12-16 18:00:00,Electronics,East,7,417.43,Credit Card,70.0,2922.01
TXN01405,2024-12-17 00:00:00,Electronics,North,6,216.26,Cash,59.0,1297.56
TXN01406,2024-12-17 06:00:00,Books,West,5,326.12,Debit Card,52.0,1630.6
TXN01407,2024-12-17 12:00:00,Sports,West,8,365.0,Cash,48.0,2920.0
TXN01408,2024-12-17 18:00:00,Clothing,Central,5,318.71,Credit Card,70.0,1593.55
TXN01409,2024-12-18 00:00:00,Home & Garden,East,9,74.55,Credit Card,52.0,670.95
TXN01410,2024-12-18 06:00:00,Electronics,North,9,224.26,Debit Card,49.0,2018.34
TXN01411,2024-12-18 12:00:00,Home & Garden,West,1,282.91,Cash,22.0,282.91
TXN01412,2024-12-18 18:00:00,Home & Garden,South,6,425.28,Credit Card,33.0,2551.68
TXN01413,2024-12-19 00:00:00,Books,West,7,224.6,PayPal,34.0,1572.2
TXN01414,2024-12-19 06:00:00,Sports,South,3,459.78,PayPal,49.0,1379.34
TXN01415,2024-12-19 12:00:00,Electronics,North,7,222.99,PayPal,55.0,1560.93
TXN01416,2024-12-19 18:00:00,Home & Garden,West,7,276.65,Cash,49.0,1936.55
TXN01417,2024-12-20 00:00:00,Electronics,West,2,399.16,PayPal,69.0,798.32
TXN01418,2024-12-20 06:00:00,Clothing,North,7,293.62,PayPal,37.0,2055.34
TXN01419,2024-12-20 12:00:00,Books,West,1,480.31,Credit Card,65.0,480.31
TXN01420,2024-12-20 18:00:00,Clothing,South,5,331.87,Credit Card,73.0,1659.35
TXN01421,2024-12-21 00:00:00,Electronics,West,9,263.74,PayPal,19.0,2373.66
TXN01422,2024-12-21 06:00:00,Electronics,East,7,16.68,PayPal,37.0,116.76
TXN01423,2024-12-21 12:00:00,Sports,Central,7,209.8,Credit Card,64.0,1468.6
TXN01424,2024-12-21 18:00:00,Home & Garden,South,2,153.13,Debit Card,35.0,306.26
TXN01425,2024-12-22 00:00:00,Home & Garden,East,8,375.31,Cash,18.0,3002.48
TXN01426,2024-12-22 06:00:00,Clothing,North,3,108.1,Cash,46.0,324.3
TXN01427,2024-12-22 12:00:00,Books,South,8,106.58,Credit Card,46.0,852.64
TXN01428,2024-12-22 18:00:00,Home & Garden,Central,3,98.81,Cash,36.0,296.43
TXN01429,2024-12-23 00:00:00,Sports,Central,7,67.18,Credit Card,61.0,470.26
TXN01430,2024-12-23 06:00:00,Clothing,North,2,158.95,Credit Card,57.0,317.9
TXN01431,2024-12-23 12:00:00,Clothing,North,4,443.53,Credit Card,23.0,1774.12
TXN01432,2024-12-23 18:00:00,Sports,South,6,388.59,Credit Card,61.0,2331.54
TXN01433,2024-12-24 00:00:00,Books,West,9,368.95,Debit Card,56.0,3320.55
TXN01434,2024-12-24 06:00:00,Sports,North,5,399.68,PayPal,67.0,1998.4
TXN01435,2024-12-24 12:00:00,Books,West,9,138.36,PayPal,,1245.24
TXN01436,2024-12-24 18:00:00,Sports,East,5,444.28,Debit Card,63.0,2221.4
TXN01437,2024-12-25 00:00:00,Sports,Central,8,72.97,Cash,25.0,583.76
TXN01438,2024-12-25 06:00:00,Electronics,West,1,171.49,Cash,41.0,171.49
TXN01439,2024-12-25 12:00:00,Clothing,Central,7,295.44,PayPal,37.0,2068.08
TXN01440,2024-12-25 18:00:00,Sports,West,4,55.94,Cash,71.0,223.76
TXN01441,2024-12-26 00:00:00,Sports,East,5,366.41,PayPal,31.0,1832.05
TXN01442,2024-12-26 06:00:00,Home & Garden,North,6,196.69,PayPal,22.0,1180.14
TXN01443,2024-12-26 12:00:00,Clothing,East,5,393.28,Debit Card,58.0,1966.4
TXN01444,2024-12-26 18:00:00,Home & Garden,North,1,248.98,Cash,57.0,248.98
TXN01445,2024-12-27 00:00:00,Clothing,North,9,94.53,Debit Card,51.0,850.77
TXN01446,2024-12-27 06:00:00,Home & Garden,Central,2,368.71,PayPal,33.0,737.42
TXN01447,2024-12-27 12:00:00,Sports,East,9,129.81,PayPal,62.0,1168.29
TXN01448,2024-12-27 18:00:00,Sports,West,2,247.95,PayPal,24.0,495.9
TXN01449,2024-12-28 00:00:00,Electronics,East,9,42.39,Credit Card,33.0,381.51
TXN01450,2024-12-28 06:00:00,Home & Garden,Central,6,310.84,Credit Card,24.0,1865.04
TXN01451,2024-12-28 12:00:00,Books,North,9,334.6,Credit Card,44.0,3011.4
TXN01452,2024-12-28 18:00:00,Electronics,Central,6,192.44,Debit Card,31.0,1154.64
TXN01453,2024-12-29 00:00:00,Home & Garden,South,6,477.44,PayPal,31.0,2864.64
TXN01454,2024-12-29 06:00:00,Home & Garden,South,2,437.71,Cash,61.0,875.42
TXN01455,2024-12-29 12:00:00,Electronics,West,8,355.43,Debit Card,50.0,2843.44
TXN01456,2024-12-29 18:00:00,Sports,Central,3,358.26,Debit Card,50.0,1074.78
TXN01457,2024-12-30 00:00:00,Home & Garden,West,7,129.94,Debit Card,61.0,909.58
TXN01458,2024-12-30 06:00:00,Sports,West,5,330.12,Cash,37.0,1650.6
TXN01459,2024-12-30 12:00:00,Electronics,South,3,103.11,PayPal,70.0,309.33
TXN01460,2024-12-30 18:00:00,Sports,West,1,76.28,Credit Card,64.0,76.28
TXN01461,2024-12-31 00:00:00,Clothing,South,8,499.74,PayPal,53.0,3997.92
TXN01462,2024-12-31 06:00:00,Books,North,3,313.08,PayPal,,939.24
TXN01463,2024-12-31 12:00:00,Home & Garden,Central,2,218.34,Debit Card,49.0,436.68
TXN01464,2024-12-31 18:00:00,Books,West,1,147.64,Debit Card,65.0,147.64
TXN01465,2025-01-01 00:00:00,Sports,South,4,303.94,Debit Card,20.0,1215.76
TXN01466,2025-01-01 06:00:00,Home & Garden,East,8,29.55,Credit Card,56.0,236.4
TXN01467,2025-01-01 12:00:00,Sports,West,3,51.87,Credit Card,46.0,155.61
TXN01468,2025-01-01 18:00:00,Clothing,North,1,21.26,Credit Card,41.0,21.26
TXN01469,2025-01-02 00:00:00,Electronics,North,4,252.09,PayPal,39.0,1008.36
TXN01470,2025-01-02 06:00:00,Home & Garden,East,9,302.3,Debit Card,23.0,2720.7
TXN01471,2025-01-02 12:00:00,Clothing,South,1,35.93,Cash,65.0,35.93
TXN01472,2025-01-02 18:00:00,Clothing,West,2,362.01,PayPal,41.0,724.02
TXN01473,2025-01-03 00:00:00,Home & Garden,South,9,119.05,Credit Card,57.0,1071.45
TXN01474,2025-01-03 06:00:00,Sports,North,2,344.17,Cash,40.0,688.34
TXN01475,2025-01-03 12:00:00,Clothing,South,3,491.04,Cash,71.0,1473.12
TXN01476,2025-01-03 18:00:00,Books,North,7,347.1,Debit Card,55.0,2429.7
TXN01477,2025-01-04 00:00:00,Clothing,South,3,442.18,Cash,27.0,1326.54
TXN01478,2025-01-04 06:00:00,Sports,East,9,474.36,Credit Card,33.0,4269.24
TXN01479,2025-01-04 12:00:00,Sports,Central,6,245.94,Debit Card,28.0,1475.64
TXN01480,2025-01-04 18:00:00,Books,East,3,352.65,Cash,49.0,1057.95
TXN01481,2025-01-05 00:00:00,Clothing,East,9,426.72,Debit Card,62.0,3840.48
TXN01482,2025-01-05 06:00:00,Sports,Central,1,181.52,Cash,23.0,181.52
TXN01483,2025-01-05 12:00:00,Home & Garden,Central,3,134.39,PayPal,41.0,403.17
TXN01484,2025-01-05 18:00:00,Electronics,West,1,473.57,PayPal,50.0,473.57
TXN01485,2025-01-06 00:00:00,Electronics,West,2,364.52,Credit Card,70.0,729.04
TXN01486,2025-01-06 06:00:00,Electronics,East,8,113.74,PayPal,68.0,909.92
TXN01487,2025-01-06 12:00:00,Clothing,East,7,227.3,PayPal,29.0,1591.1
TXN01488,2025-01-06 18:00:00,Books,North,2,399.24,PayPal,73.0,798.48
TXN01489,2025-01-07 00:00:00,Sports,North,2,275.8,Cash,44.0,551.6
TXN01490,2025-01-07 06:00:00,Home & Garden,West,9,326.73,Cash,55.0,2940.57
TXN01491,2025-01-07 12:00:00,Home & Garden,West,6,378.12,Debit Card,35.0,2268.72
TXN01492,2025-01-07 18:00:00,Clothing,North,5,312.89,Cash,62.0,1564.45
TXN01493,2025-01-08 00:00:00,Electronics,North,6,272.34,PayPal,56.0,1634.04
TXN01494,2025-01-08 06:00:00,Clothing,South,9,376.06,Cash,72.0,3384.54
TXN01495,2025-01-08 12:00:00,Books,South,7,365.14,Credit Card,30.0,2555.98
TXN01496,2025-01-08 18:00:00,Books,North,9,316.79,Debit Card,70.0,2851.11
TXN01497,2025-01-09 00:00:00,Sports,South,4,183.1,Debit Card,57.0,732.4
TXN01498,2025-01-09 06:00:00,Sports,Central,2,205.88,Cash,47.0,411.76
TXN01499,2025-01-09 12:00:00,Books,West,8,485.37,PayPal,70.0,3882.96
TXN01500,2025-01-09 18:00:00,Books,West,4,60.63,Debit Card,66.0,242.52
TXN01501,2025-01-10 00:00:00,Books,North,9,137.91,Credit Card,58.0,1241.19
TXN01502,2025-01-10 06:00:00,Clothing,East,4,248.74,Credit Card,69.0,994.96
TXN01503,2025-01-10 12:00:00,Books,North,8,419.18,Debit Card,30.0,3353.44
TXN01504,2025-01-10 18:00:00,Home & Garden,South,9,86.02,PayPal,51.0,774.18
TXN01505,2025-01-11 00:00:00,Electronics,East,9,142.09,PayPal,53.0,1278.81
TXN01506,2025-01-11 06:00:00,Books,South,4,37.57,Cash,47.0,150.28
TXN01507,2025-01-11 12:00:00,Electronics,Central,1,354.46,Cash,42.0,354.46
TXN01508,2025-01-11 18:00:00,Clothing,South,3,122.91,Debit Card,19.0,368.73
TXN01509,2025-01-12 00:00:00,Electronics,Central,9,197.39,Cash,,1776.51
TXN01510,2025-01-12 06:00:00,Clothing,Central,4,224.63,Cash,35.0,898.52
TXN01511,2025-01-12 12:00:00,Home & Garden,South,5,446.2,Cash,22.0,2231.0
TXN01512,2025-01-12 18:00:00,Clothing,South,7,208.61,Credit Card,36.0,1460.27
TXN01513,2025-01-13 00:00:00,Clothing,Central,5,76.89,Cash,59.0,384.45
TXN01514,2025-01-13 06:00:00,Sports,East,4,264.54,Debit Card,35.0,1058.16
TXN01515,2025-01-13 12:00:00,Books,Central,2,481.66,PayPal,74.0,963.32
TXN01516,2025-01-13 18:00:00,Books,West,2,305.8,Cash,49.0,611.6
TXN01517,2025-01-14 00:00:00,Home & Garden,Central,4,491.78,PayPal,38.0,1967.12
TXN01518,2025-01-14 06:00:00,Home & Garden,East,9,421.35,Cash,27.0,3792.15
TXN01519,2025-01-14 12:00:00,Books,West,8,22.8,Debit Card,54.0,182.4
TXN01520,2025-01-14 18:00:00,Sports,North,3,330.91,Credit Card,66.0,992.73
TXN01521,2025-01-15 00:00:00,Books,North,9,146.95,Debit Card,,1322.55
TXN01522,2025-01-15 06:00:00,Sports,East,5,282.01,Credit Card,30.0,1410.05
TXN01523,2025-01-15 12:00:00,Home & Garden,Central,3,143.28,Cash,72.0,429.84
TXN01524,2025-01-15 18:00:00,Electronics,South,5,177.69,Cash,34.0,888.45
TXN01525,2025-01-16 00:00:00,Home & Garden,East,4,461.97,Credit Card,26.0,1847.88
TXN01526,2025-01-16 06:00:00,Home & Garden,West,8,107.29,Debit Card,41.0,858.32
TXN01527,2025-01-16 12:00:00,Clothing,West,5,437.68,Debit Card,61.0,2188.4
TXN01528,2025-01-16 18:00:00,Clothing,North,8,20.08,Credit Card,31.0,160.64
TXN01529,2025-01-17 00:00:00,Clothing,West,9,49.98,Cash,63.0,449.82
TXN01530,2025-01-17 06:00:00,Clothing,East,4,428.06,Credit Card,25.0,1712.24
TXN01531,2025-01-17 12:00:00,Sports,West,7,317.13,Cash,72.0,2219.91
TXN01532,2025-01-17 18:00:00,Books,East,2,374.88,Credit Card,54.0,749.76
TXN01533,2025-01-18 00:00:00,Electronics,South,6,108.66,Cash,36.0,651.96
TXN01534,2025-01-18 06:00:00,Home & Garden,North,8,270.86,,45.0,2166.88
TXN01535,2025-01-18 12:00:00,Sports,West,7,369.92,PayPal,63.0,2589.44
TXN01536,2025-01-18 18:00:00,Electronics,East,7,315.52,Cash,,2208.64
TXN01537,2025-01-19 00:00:00,Sports,Central,8,238.49,,47.0,1907.92
TXN01538,2025-01-19 06:00:00,Sports,North,7,480.09,Credit Card,24.0,3360.63
TXN01539,2025-01-19 12:00:00,Home & Garden,South,5,339.7,Debit Card,,1698.5
TXN01540,2025-01-19 18:00:00,Books,East,7,454.34,Credit Card,57.0,3180.38
TXN01541,2025-01-20 00:00:00,Clothing,South,3,366.24,Debit Card,,1098.72
TXN01542,2025-01-20 06:00:00,Books,South,5,369.05,Debit Card,71.0,1845.25
TXN01543,2025-01-20 12:00:00,Home & Garden,West,7,44.61,Credit Card,63.0,312.27
TXN01544,2025-01-20 18:00:00,Home & Garden,West,9,182.93,,28.0,1646.37
TXN01545,2025-01-21 00:00:00,Home & Garden,East,2,429.89,Debit Card,31.0,859.78
TXN01546,2025-01-21 06:00:00,Electronics,Central,4,120.14,Debit Card,38.0,480.56
TXN01547,2025-01-21 12:00:00,Books,East,7,62.18,Debit Card,25.0,435.26
TXN01548,2025-01-21 18:00:00,Books,Central,1,166.42,Cash,20.0,166.42
TXN01549,2025-01-22 00:00:00,Sports,South,2,114.12,Cash,45.0,228.24
TXN01550,2025-01-22 06:00:00,Sports,North,9,463.02,PayPal,46.0,4167.18
TXN01551,2025-01-22 12:00:00,Sports,East,7,434.64,Cash,40.0,3042.48
TXN01552,2025-01-22 18:00:00,Home & Garden,East,7,252.34,Cash,35.0,1766.38
TXN01553,2025-01-23 00:00:00,Books,Central,6,35.37,Credit Card,52.0,212.22
TXN01554,2025-01-23 06:00:00,Home & Garden,South,3,358.71,PayPal,30.0,1076.13
TXN01555,2025-01-23 12:00:00,Electronics,South,3,313.59,PayPal,29.0,940.77
TXN01556,2025-01-23 18:00:00,Sports,Central,2,485.42,Cash,64.0,970.84
TXN01557,2025-01-24 00:00:00,Home & Garden,South,6,281.68,Credit Card,67.0,1690.08
TXN01558,2025-01-24 06:00:00,Home & Garden,West,4,171.51,Credit Card,22.0,686.04
TXN01559,2025-01-24 12:00:00,Electronics,North,5,261.92,PayPal,56.0,1309.6
TXN01560,2025-01-24 18:00:00,Clothing,East,3,489.74,Credit Card,28.0,1469.22
TXN01561,2025-01-25 00:00:00,Books,North,6,349.7,Debit Card,28.0,2098.2
TXN01562,2025-01-25 06:00:00,Clothing,East,3,337.63,Cash,64.0,1012.89
TXN01563,2025-01-25 12:00:00,Sports,West,8,124.14,Debit Card,59.0,993.12
TXN01564,2025-01-25 18:00:00,Home & Garden,South,9,373.08,PayPal,64.0,3357.72
TXN01565,2025-01-26 00:00:00,Electronics,Central,4,376.38,PayPal,48.0,1505.52
TXN01566,2025-01-26 06:00:00,Electronics,West,9,162.06,Credit Card,48.0,1458.54
TXN01567,2025-01-26 12:00:00,Books,North,7,244.44,Credit Card,30.0,1711.08
TXN01568,2025-01-26 18:00:00,Clothing,Central,3,150.83,PayPal,31.0,452.49
TXN01569,2025-01-27 00:00:00,Books,South,7,133.06,PayPal,66.0,931.42
TXN01570,2025-01-27 06:00:00,Home & Garden,West,1,17.82,Debit Card,62.0,17.82
TXN01571,2025-01-27 12:00:00,Books,Central,3,146.18,Debit Card,59.0,438.54
TXN01572,2025-01-27 18:00:00,Electronics,West,6,279.22,Credit Card,42.0,1675.32
TXN01573,2025-01-28 00:00:00,Electronics,West,4,5.79,Debit Card,50.0,23.16
TXN01574,2025-01-28 06:00:00,Sports,South,7,145.19,Credit Card,50.0,1016.33
TXN01575,2025-01-28 12:00:00,Sports,East,3,441.3,Credit Card,32.0,1323.9
TXN01576,2025-01-28 18:00:00,Home & Garden,Central,1,298.86,Cash,33.0,298.86
TXN01577,2025-01-29 00:00:00,Clothing,South,9,305.89,Credit Card,61.0,2753.01
TXN01578,2025-01-29 06:00:00,Books,West,6,204.67,Debit Card,73.0,1228.02
TXN01579,2025-01-29 12:00:00,Home & Garden,South,8,339.85,PayPal,55.0,2718.8
TXN01580,2025-01-29 18:00:00,Sports,East,3,99.02,PayPal,23.0,297.06
TXN01581,2025-01-30 00:00:00,Books,Central,8,410.28,Debit Card,61.0,3282.24
TXN01582,2025-01-30 06:00:00,Sports,East,2,62.76,PayPal,42.0,125.52
TXN01583,2025-01-30 12:00:00,Books,North,4,329.72,Credit Card,32.0,1318.88
TXN01584,2025-01-30 18:00:00,Clothing,Central,3,173.87,PayPal,21.0,521.61
TXN01585,2025-01-31 00:00:00,Home & Garden,East,1,375.02,Debit Card,73.0,375.02
TXN01586,2025-01-31 06:00:00,Books,West,7,277.13,PayPal,21.0,1939.91
TXN01587,2025-01-31 12:00:00,Electronics,Central,2,228.91,Credit Card,47.0,457.82
TXN01588,2025-01-31 18:00:00,Electronics,Central,4,88.86,Credit Card,51.0,355.44
TXN01589,2025-02-01 00:00:00,Books,South,9,320.23,Debit Card,44.0,2882.07
TXN01590,2025-02-01 06:00:00,Books,West,6,487.51,Debit Card,48.0,2925.06
TXN01591,2025-02-01 12:00:00,Books,North,8,413.67,Debit Card,73.0,3309.36
TXN01592,2025-02-01 18:00:00,Electronics,East,2,34.7,,49.0,69.4
TXN01593,2025-02-02 00:00:00,Electronics,South,7,191.23,Cash,61.0,1338.61
TXN01594,2025-02-02 06:00:00,Books,East,6,463.16,Credit Card,56.0,2778.96
TXN01595,2025-02-02 12:00:00,Sports,North,9,254.01,Cash,69.0,2286.09
TXN01596,2025-02-02 18:00:00,Sports,North,7,332.75,Cash,26.0,2329.25
TXN01597,2025-02-03 00:00:00,Clothing,Central,1,456.74,PayPal,58.0,456.74
TXN01598,2025-02-03 06:00:00,Home & Garden,North,8,437.53,Cash,25.0,3500.24
TXN01599,2025-02-03 12:00:00,Sports,East,3,253.4,PayPal,31.0,760.2
TXN01600,2025-02-03 18:00:00,Electronics,West,2,221.63,Debit Card,50.0,443.26
TXN01601,2025-02-04 00:00:00,Sports,West,3,173.15,PayPal,40.0,519.45
TXN01602,2025-02-04 06:00:00,Clothing,Central,6,360.91,PayPal,38.0,2165.46
TXN01603,2025-02-04 12:00:00,Clothing,East,3,147.06,Debit Card,72.0,441.18
TXN01604,2025-02-04 18:00:00,Home & Garden,East,5,128.69,Debit Card,29.0,643.45
TXN01605,2025-02-05 00:00:00,Sports,North,6,181.34,Credit Card,74.0,1088.04
TXN01606,2025-02-05 06:00:00,Electronics,East,8,92.72,Credit Card,19.0,741.76
TXN01607,2025-02-05 12:00:00,Electronics,South,7,349.08,Credit Card,30.0,2443.56
TXN01608,2025-02-05 18:00:00,Books,North,8,310.04,Credit Card,21.0,2480.32
TXN01609,2025-02-06 00:00:00,Electronics,South,3,244.02,PayPal,37.0,732.06
TXN01610,2025-02-06 06:00:00,Home & Garden,Central,4,198.21,PayPal,67.0,792.84
TXN01611,2025-02-06 12:00:00,Home & Garden,West,6,454.99,Credit Card,68.0,2729.94
TXN01612,2025-02-06 18:00:00,Electronics,Central,7,19.42,Cash,65.0,135.94
TXN01613,2025-02-07 00:00:00,Electronics,West,9,385.71,Credit Card,31.0,3471.39
TXN01614,2025-02-07 06:00:00,Books,Central,1,451.45,Cash,47.0,451.45
TXN01615,2025-02-07 12:00:00,Electronics,East,8,225.95,Debit Card,46.0,1807.6
TXN01616,2025-02-07 18:00:00,Books,South,8,277.59,,25.0,2220.72
TXN01617,2025-02-08 00:00:00,Books,West,6,472.51,PayPal,29.0,2835.06
TXN01618,2025-02-08 06:00:00,Electronics,North,4,110.08,Cash,58.0,440.32
TXN01619,2025-02-08 12:00:00,Clothing,South,3,262.47,Credit Card,55.0,787.41
TXN01620,2025-02-08 18:00:00,Clothing,North,3,239.99,PayPal,43.0,719.97
TXN01621,2025-02-09 00:00:00,Books,South,6,132.9,Cash,67.0,797.4
TXN01622,2025-02-09 06:00:00,Electronics,South,8,410.2,Debit Card,19.0,3281.6
TXN01623,2025-02-09 12:00:00,Clothing,Central,7,450.3,Debit Card,72.0,3152.1
TXN01624,2025-02-09 18:00:00,Electronics,West,1,392.06,PayPal,57.0,392.06
TXN01625,2025-02-10 00:00:00,Electronics,West,6,101.7,Credit Card,73.0,610.2
TXN01626,2025-02-10 06:00:00,Electronics,South,7,47.94,Cash,31.0,335.58
TXN01627,2025-02-10 12:00:00,Sports,East,7,304.7,PayPal,23.0,2132.9
TXN01628,2025-02-10 18:00:00,Electronics,East,9,33.26,Debit Card,59.0,299.34
TXN01629,2025-02-11 00:00:00,Sports,North,5,338.05,Credit Card,57.0,1690.25
TXN01630,2025-02-11 06:00:00,Books,North,1,267.56,Cash,48.0,267.56
TXN01631,2025-02-11 12:00:00,Clothing,Central,2,333.08,PayPal,34.0,666.16
TXN01632,2025-02-11 18:00:00,Clothing,South,4,297.13,Cash,42.0,1188.52
TXN01633,2025-02-12 00:00:00,Clothing,North,5,214.24,Credit Card,49.0,1071.2
TXN01634,2025-02-12 06:00:00,Clothing,North,9,104.43,Credit Card,29.0,939.87
TXN01635,2025-02-12 12:00:00,Clothing,South,1,156.32,Debit Card,66.0,156.32
TXN01636,2025-02-12 18:00:00,Clothing,Central,3,264.63,Credit Card,30.0,793.89
TXN01637,2025-02-13 00:00:00,Clothing,North,5,327.67,PayPal,36.0,1638.35
TXN01638,2025-02-13 06:00:00,Books,Central,3,390.84,Cash,61.0,1172.52
TXN01639,2025-02-13 12:00:00,Electronics,West,4,384.75,Credit Card,65.0,1539.0
TXN01640,2025-02-13 18:00:00,Home & Garden,Central,3,486.48,Credit Card,42.0,1459.44
TXN01641,2025-02-14 00:00:00,Sports,East,4,146.49,PayPal,48.0,585.96
TXN01642,2025-02-14 06:00:00,Home & Garden,East,1,40.2,Cash,54.0,40.2
TXN01643,2025-02-14 12:00:00,Home & Garden,Central,8,176.1,Cash,42.0,1408.8
TXN01644,2025-02-14 18:00:00,Electronics,East,4,372.93,Debit Card,33.0,1491.72
TXN01645,2025-02-15 00:00:00,Electronics,West,7,221.87,Debit Card,74.0,1553.09
TXN01646,2025-02-15 06:00:00,Electronics,South,2,409.81,Cash,55.0,819.62
TXN01647,2025-02-15 12:00:00,Clothing,East,2,276.92,PayPal,60.0,553.84
TXN01648,2025-02-15 18:00:00,Books,East,6,465.25,PayPal,66.0,2791.5
TXN01649,2025-02-16 00:00:00,Clothing,Central,2,474.19,Debit Card,40.0,948.38
TXN01650,2025-02-16 06:00:00,Books,West,6,39.31,Credit Card,31.0,235.86
TXN01651,2025-02-16 12:00:00,Books,South,2,230.92,PayPal,23.0,461.84
TXN01652,2025-02-16 18:00:00,Home & Garden,Central,4,306.8,Credit Card,42.0,1227.2
TXN01653,2025-02-17 00:00:00,Home & Garden,Central,7,131.66,PayPal,40.0,921.62
TXN01654,2025-02-17 06:00:00,Books,West,8,206.5,Cash,60.0,1652.0
TXN01655,2025-02-17 12:00:00,Books,South,3,340.45,Debit Card,29.0,1021.35
TXN01656,2025-02-17 18:00:00,Clothing,West,9,117.23,Credit Card,30.0,1055.07
TXN01657,2025-02-18 00:00:00,Clothing,South,2,302.98,Credit Card,53.0,605.96
TXN01658,2025-02-18 06:00:00,Home & Garden,West,8,350.24,Cash,56.0,2801.92
TXN01659,2025-02-18 12:00:00,Electronics,Central,8,49.8,PayPal,,398.4
TXN01660,2025-02-18 18:00:00,Books,Central,4,251.28,Credit Card,23.0,1005.12
TXN01661,2025-02-19 00:00:00,Clothing,North,1,135.22,PayPal,55.0,135.22
TXN01662,2025-02-19 06:00:00,Home & Garden,East,1,363.57,Cash,67.0,363.57
TXN01663,2025-02-19 12:00:00,Clothing,West,2,98.83,Debit Card,69.0,197.66
TXN01664,2025-02-19 18:00:00,Books,North,9,446.66,Credit Card,57.0,4019.94
TXN01665,2025-02-20 00:00:00,Books,East,2,218.32,PayPal,25.0,436.64
TXN01666,2025-02-20 06:00:00,Sports,West,2,103.01,Credit Card,25.0,206.02
TXN01667,2025-02-20 12:00:00,Electronics,South,6,221.82,PayPal,57.0,1330.92
TXN01668,2025-02-20 18:00:00,Sports,East,7,207.33,PayPal,50.0,1451.31
TXN01669,2025-02-21 00:00:00,Home & Garden,Central,7,217.31,PayPal,51.0,1521.17
TXN01670,2025-02-21 06:00:00,Clothing,North,9,294.85,Cash,61.0,2653.65
TXN01671,2025-02-21 12:00:00,Home & Garden,East,6,262.98,Debit Card,32.0,1577.88
TXN01672,2025-02-21 18:00:00,Books,East,8,79.14,Credit Card,53.0,633.12
TXN01673,2025-02-22 00:00:00,Sports,Central,6,37.46,Debit Card,74.0,224.76
TXN01674,2025-02-22 06:00:00,Sports,West,2,366.06,,52.0,732.12
TXN01675,2025-02-22 12:00:00,Sports,South,1,282.06,PayPal,63.0,282.06
TXN01676,2025-02-22 18:00:00,Home & Garden,Central,5,182.71,Debit Card,39.0,913.55
TXN01677,2025-02-23 00:00:00,Books,South,9,405.14,Debit Card,40.0,3646.26
TXN01678,2025-02-23 06:00:00,Clothing,West,8,197.09,Credit Card,57.0,1576.72
TXN01679,2025-02-23 12:00:00,Clothing,East,4,399.0,PayPal,62.0,1596.0
TXN01680,2025-02-23 18:00:00,Home & Garden,South,5,156.35,Debit Card,72.0,781.75
TXN01681,2025-02-24 00:00:00,Sports,North,5,41.06,Cash,68.0,205.3
TXN01682,2025-02-24 06:00:00,Electronics,North,6,466.66,PayPal,39.0,2799.96
TXN01683,2025-02-24 12:00:00,Home & Garden,Central,3,200.3,PayPal,22.0,600.9
TXN01684,2025-02-24 18:00:00,Home & Garden,West,5,397.38,Credit Card,48.0,1986.9
TXN01685,2025-02-25 00:00:00,Books,Central,2,143.18,Cash,30.0,286.36
TXN01686,2025-02-25 06:00:00,Clothing,Central,1,324.95,Credit Card,45.0,324.95
TXN01687,2025-02-25 12:00:00,Home & Garden,Central,1,437.29,Cash,37.0,437.29
TXN01688,2025-02-25 18:00:00,Home & Garden,North,7,25.61,Credit Card,50.0,179.27
TXN01689,2025-02-26 00:00:00,Sports,North,2,416.16,Cash,33.0,832.32
TXN01690,2025-02-26 06:00:00,Sports,Central,4,287.81,Cash,46.0,1151.24
TXN01691,2025-02-26 12:00:00,Electronics,North,5,305.7,Cash,40.0,1528.5
TXN01692,2025-02-26 18:00:00,Books,West,7,263.96,Debit Card,41.0,1847.72
TXN01693,2025-02-27 00:00:00,Electronics,Central,2,437.87,PayPal,51.0,875.74
TXN01694,2025-02-27 06:00:00,Sports,North,6,26.5,Cash,24.0,159.0
TXN01695,2025-02-27 12:00:00,Clothing,South,1,134.21,Debit Card,55.0,134.21
TXN01696,2025-02-27 18:00:00,Sports,Central,7,438.5,Debit Card,54.0,3069.5
TXN01697,2025-02-28 00:00:00,Books,Central,9,377.41,Credit Card,21.0,3396.69
TXN01698,2025-02-28 06:00:00,Sports,West,5,13.73,PayPal,51.0,68.65
TXN01699,2025-02-28 12:00:00,Books,East,5,260.92,PayPal,59.0,1304.6
TXN01700,2025-02-28 18:00:00,Books,East,4,267.14,Credit Card,39.0,1068.56
TXN01701,2025-03-01 00:00:00,Books,West,3,203.44,PayPal,22.0,610.32
TXN01702,2025-03-01 06:00:00,Books,West,9,152.21,Credit Card,67.0,1369.89
TXN01703,2025-03-01 12:00:00,Books,West,5,342.45,Debit Card,59.0,1712.25
TXN01704,2025-03-01 18:00:00,Clothing,East,8,107.86,Debit Card,40.0,862.88
TXN01705,2025-03-02 00:00:00,Electronics,West,9,400.48,Cash,71.0,3604.32
TXN01706,2025-03-02 06:00:00,Home & Garden,North,5,402.5,Credit Card,32.0,2012.5
TXN01707,2025-03-02 12:00:00,Electronics,Central,9,210.55,Debit Card,48.0,1894.95
TXN01708,2025-03-02 18:00:00,Books,Central,2,145.36,Debit Card,26.0,290.72
TXN01709,2025-03-03 00:00:00,Clothing,South,9,145.52,Credit Card,60.0,1309.68
TXN01710,2025-03-03 06:00:00,Sports,South,4,243.73,Debit Card,70.0,974.92
TXN01711,2025-03-03 12:00:00,Clothing,Central,6,361.19,PayPal,42.0,2167.14
TXN01712,2025-03-03 18:00:00,Books,North,6,182.64,Debit Card,42.0,1095.84
TXN01713,2025-03-04 00:00:00,Clothing,East,6,306.97,Credit Card,66.0,1841.82
TXN01714,2025-03-04 06:00:00,Clothing,East,2,194.33,PayPal,38.0,388.66
TXN01715,2025-03-04 12:00:00,Books,North,7,155.74,PayPal,26.0,1090.18
TXN01716,2025-03-04 18:00:00,Clothing,East,6,17.31,Debit Card,72.0,103.86
TXN01717,2025-03-05 00:00:00,Home & Garden,West,1,6.94,Cash,65.0,6.94
TXN01718,2025-03-05 06:00:00,Home & Garden,Central,2,117.47,PayPal,55.0,234.94
TXN01719,2025-03-05 12:00:00,Clothing,Central,7,206.17,Credit Card,39.0,1443.19
TXN01720,2025-03-05 18:00:00,Sports,North,1,426.37,Cash,60.0,426.37
TXN01721,2025-03-06 00:00:00,Books,East,1,400.25,Cash,40.0,400.25
TXN01722,2025-03-06 06:00:00,Home & Garden,South,1,137.25,PayPal,66.0,137.25
TXN01723,2025-03-06 12:00:00,Sports,South,8,126.05,Debit Card,21.0,1008.4
TXN01724,2025-03-06 18:00:00,Clothing,East,4,117.52,Cash,46.0,470.08
TXN01725,2025-03-07 00:00:00,Sports,South,4,172.92,Debit Card,32.0,691.68
TXN01726,2025-03-07 06:00:00,Electronics,North,2,251.61,PayPal,18.0,503.22
TXN01727,2025-03-07 12:00:00,Home & Garden,North,1,222.14,Credit Card,71.0,222.14
TXN01728,2025-03-07 18:00:00,Clothing,East,9,113.05,Cash,47.0,1017.45
TXN01729,2025-03-08 00:00:00,Books,South,7,69.57,Credit Card,46.0,486.99
TXN01730,2025-03-08 06:00:00,Clothing,North,4,11.23,Debit Card,37.0,44.92
TXN01731,2025-03-08 12:00:00,Books,North,6,81.21,Debit Card,50.0,487.26
TXN01732,2025-03-08 18:00:00,Clothing,West,2,354.15,Credit Card,58.0,708.3
TXN01733,2025-03-09 00:00:00,Sports,West,7,125.6,PayPal,61.0,879.2
TXN01734,2025-03-09 06:00:00,Sports,North,2,236.96,PayPal,53.0,473.92
TXN01735,2025-03-09 12:00:00,Sports,East,8,297.69,Cash,39.0,2381.52
TXN01736,2025-03-09 18:00:00,Electronics,Central,8,443.99,Cash,30.0,3551.92
TXN01737,2025-03-10 00:00:00,Books,Central,1,444.98,PayPal,24.0,444.98
TXN01738,2025-03-10 06:00:00,Sports,North,8,374.14,PayPal,25.0,2993.12
TXN01739,2025-03-10 12:00:00,Electronics,North,2,22.4,Credit Card,45.0,44.8
TXN01740,2025-03-10 18:00:00,Books,North,6,289.66,Debit Card,62.0,1737.96
TXN01741,2025-03-11 00:00:00,Clothing,East,1,394.36,Debit Card,60.0,394.36
TXN01742,2025-03-11 06:00:00,Electronics,West,5,13.56,Cash,26.0,67.8
TXN01743,2025-03-11 12:00:00,Home & Garden,North,7,277.09,PayPal,42.0,1939.63
TXN01744,2025-03-11 18:00:00,Electronics,North,1,429.59,Credit Card,73.0,429.59
TXN01745,2025-03-12 00:00:00,Electronics,South,2,239.68,Cash,33.0,479.36
TXN01746,2025-03-12 06:00:00,Books,East,7,7.03,Credit Card,27.0,49.21
TXN01747,2025-03-12 12:00:00,Clothing,North,6,10.45,PayPal,28.0,62.7
TXN01748,2025-03-12 18:00:00,Home & Garden,South,3,211.23,PayPal,48.0,633.69
TXN01749,2025-03-13 00:00:00,Sports,Central,2,81.73,PayPal,29.0,163.46
TXN01750,2025-03-13 06:00:00,Sports,North,4,333.9,Debit Card,48.0,1335.6
TXN01751,2025-03-13 12:00:00,Electronics,North,3,355.86,PayPal,31.0,1067.58
TXN01752,2025-03-13 18:00:00,Books,South,7,93.05,Cash,,651.35
TXN01753,2025-03-14 00:00:00,Books,East,8,444.82,Debit Card,61.0,3558.56
TXN01754,2025-03-14 06:00:00,Sports,North,2,223.74,Credit Card,49.0,447.48
TXN01755,2025-03-14 12:00:00,Home & Garden,Central,7,75.71,Cash,67.0,529.97
TXN01756,2025-03-14 18:00:00,Clothing,North,8,383.3,Cash,70.0,3066.4
TXN01757,2025-03-15 00:00:00,Home & Garden,Central,6,396.04,Credit Card,34.0,2376.24
TXN01758,2025-03-15 06:00:00,Clothing,West,6,321.45,Debit Card,52.0,1928.7
TXN01759,2025-03-15 12:00:00,Sports,West,1,427.47,Cash,18.0,427.47
TXN01760,2025-03-15 18:00:00,Clothing,Central,4,370.0,,46.0,1480.0
TXN01761,2025-03-16 00:00:00,Books,East,1,441.69,Cash,68.0,441.69
TXN01762,2025-03-16 06:00:00,Electronics,North,4,219.77,Debit Card,21.0,879.08
TXN01763,2025-03-16 12:00:00,Electronics,North,2,375.06,Debit Card,40.0,750.12
TXN01764,2025-03-16 18:00:00,Sports,West,5,499.88,Debit Card,45.0,2499.4
TXN01765,2025-03-17 00:00:00,Books,Central,9,363.84,Cash,33.0,3274.56
TXN01766,2025-03-17 06:00:00,Home & Garden,North,3,61.52,PayPal,29.0,184.56
TXN01767,2025-03-17 12:00:00,Books,North,8,261.57,Credit Card,70.0,2092.56
TXN01768,2025-03-17 18:00:00,Electronics,East,3,295.74,PayPal,38.0,887.22
TXN01769,2025-03-18 00:00:00,Electronics,South,6,91.23,Debit Card,62.0,547.38
TXN01770,2025-03-18 06:00:00,Books,West,4,481.63,Cash,34.0,1926.52
TXN01771,2025-03-18 12:00:00,Books,West,8,91.91,Cash,,735.28
TXN01772,2025-03-18 18:00:00,Electronics,South,6,92.89,PayPal,30.0,557.34
TXN01773,2025-03-19 00:00:00,Home & Garden,North,8,458.01,PayPal,69.0,3664.08
TXN01774,2025-03-19 06:00:00,Sports,East,1,235.28,Credit Card,49.0,235.28
TXN01775,2025-03-19 12:00:00,Sports,East,6,36.28,Cash,54.0,217.68
TXN01776,2025-03-19 18:00:00,Books,West,1,301.1,PayPal,67.0,301.1
TXN01777,2025-03-20 00:00:00,Sports,East,1,302.9,Credit Card,32.0,302.9
TXN01778,2025-03-20 06:00:00,Electronics,South,8,36.93,Debit Card,29.0,295.44
TXN01779,2025-03-20 12:00:00,Electronics,North,7,486.4,PayPal,66.0,3404.8
TXN01780,2025-03-20 18:00:00,Books,South,3,274.29,Debit Card,74.0,822.87
TXN01781,2025-03-21 00:00:00,Books,Central,6,282.1,Credit Card,32.0,1692.6
TXN01782,2025-03-21 06:00:00,Books,West,9,262.46,Debit Card,51.0,2362.14
TXN01783,2025-03-21 12:00:00,Home & Garden,East,7,307.31,Cash,23.0,2151.17
TXN01784,2025-03-21 18:00:00,Sports,Central,3,135.83,Cash,34.0,407.49
TXN01785,2025-03-22 00:00:00,Books,East,6,147.18,Debit Card,65.0,883.08
TXN01786,2025-03-22 06:00:00,Clothing,North,4,258.11,Cash,66.0,1032.44
TXN01787,2025-03-22 12:00:00,Clothing,North,3,404.31,Credit Card,74.0,1212.93
TXN01788,2025-03-22 18:00:00,Electronics,North,9,29.68,Cash,37.0,267.12
TXN01789,2025-03-23 00:00:00,Sports,East,2,303.69,Debit Card,,607.38
TXN01790,2025-03-23 06:00:00,Books,Central,1,404.36,Debit Card,22.0,404.36
TXN01791,2025-03-23 12:00:00,Clothing,North,2,82.67,Debit Card,40.0,165.34
TXN01792,2025-03-23 18:00:00,Sports,Central,7,12.44,PayPal,50.0,87.08
TXN01793,2025-03-24 00:00:00,Electronics,East,1,159.79,Debit Card,55.0,159.79
TXN01794,2025-03-24 06:00:00,Home & Garden,Central,6,296.13,Credit Card,73.0,1776.78
TXN01795,2025-03-24 12:00:00,Sports,East,7,73.45,Cash,31.0,514.15
TXN01796,2025-03-24 18:00:00,Sports,East,9,215.93,Cash,34.0,1943.37
TXN01797,2025-03-25 00:00:00,Home & Garden,West,8,278.4,PayPal,,2227.2
TXN01798,2025-03-25 06:00:00,Sports,East,6,301.45,PayPal,36.0,1808.7
TXN01799,2025-03-25 12:00:00,Electronics,East,3,140.83,Credit Card,50.0,422.49
TXN01800,2025-03-25 18:00:00,Electronics,South,8,203.01,Debit Card,18.0,1624.08
TXN01801,2025-03-26 00:00:00,Home & Garden,North,7,390.28,PayPal,30.0,2731.96
TXN01802,2025-03-26 06:00:00,Books,West,3,470.9,Cash,63.0,1412.7
TXN01803,2025-03-26 12:00:00,Clothing,West,9,431.63,PayPal,44.0,3884.67
TXN01804,2025-03-26 18:00:00,Books,West,2,284.32,PayPal,23.0,568.64
TXN01805,2025-03-27 00:00:00,Sports,South,3,208.09,Debit Card,23.0,624.27
TXN01806,2025-03-27 06:00:00,Clothing,East,2,169.81,PayPal,50.0,339.62
TXN01807,2025-03-27 12:00:00,Home & Garden,North,1,66.85,Credit Card,47.0,66.85
TXN01808,2025-03-27 18:00:00,Home & Garden,Central,4,57.74,Cash,63.0,230.96
TXN01809,2025-03-28 00:00:00,Clothing,East,5,345.74,Debit Card,52.0,1728.7
TXN01810,2025-03-28 06:00:00,Electronics,South,6,133.6,,40.0,801.6
TXN01811,2025-03-28 12:00:00,Clothing,East,5,131.06,Credit Card,27.0,655.3
TXN01812,2025-03-28 18:00:00,Sports,East,1,499.11,Credit Card,68.0,499.11
TXN01813,2025-03-29 00:00:00,Electronics,South,3,98.02,PayPal,36.0,294.06
TXN01814,2025-03-29 06:00:00,Home & Garden,West,1,78.29,PayPal,68.0,78.29
TXN01815,2025-03-29 12:00:00,Clothing,West,5,53.85,PayPal,45.0,269.25
TXN01816,2025-03-29 18:00:00,Books,North,5,292.0,Cash,40.0,1460.0
TXN01817,2025-03-30 00:00:00,Books,North,6,315.79,Credit Card,21.0,1894.74
TXN01818,2025-03-30 06:00:00,Sports,West,8,185.79,Debit Card,37.0,1486.32
TXN01819,2025-03-30 12:00:00,Books,Central,1,270.03,PayPal,36.0,270.03
TXN01820,2025-03-30 18:00:00,Clothing,East,4,395.26,Cash,59.0,1581.04
TXN01821,2025-03-31 00:00:00,Clothing,Central,1,409.96,PayPal,44.0,409.96
TXN01822,2025-03-31 06:00:00,Books,East,9,479.17,Credit Card,74.0,4312.53
TXN01823,2025-03-31 12:00:00,Clothing,West,7,413.01,Debit Card,51.0,2891.07
TXN01824,2025-03-31 18:00:00,Sports,North,7,284.6,Credit Card,21.0,1992.2
TXN01825,2025-04-01 00:00:00,Electronics,North,5,93.93,Cash,73.0,469.65
TXN01826,2025-04-01 06:00:00,Sports,Central,7,54.38,PayPal,55.0,380.66
TXN01827,2025-04-01 12:00:00,Sports,North,2,31.98,Credit Card,,63.96
TXN01828,2025-04-01 18:00:00,Clothing,West,4,334.93,Cash,,1339.72
TXN01829,2025-04-02 00:00:00,Electronics,Central,7,404.73,PayPal,24.0,2833.11
TXN01830,2025-04-02 06:00:00,Clothing,East,3,256.8,Debit Card,67.0,770.4
TXN01831,2025-04-02 12:00:00,Home & Garden,North,2,32.08,Credit Card,69.0,64.16
TXN01832,2025-04-02 18:00:00,Clothing,South,2,270.06,PayPal,43.0,540.12
TXN01833,2025-04-03 00:00:00,Clothing,North,1,468.2,PayPal,43.0,468.2
TXN01834,2025-04-03 06:00:00,Clothing,East,5,300.82,PayPal,71.0,1504.1
TXN01835,2025-04-03 12:00:00,Electronics,Central,6,405.67,PayPal,36.0,2434.02
TXN01836,2025-04-03 18:00:00,Clothing,East,6,401.08,Credit Card,26.0,2406.48
TXN01837,2025-04-04 00:00:00,Electronics,South,9,466.4,PayPal,37.0,4197.6
TXN01838,2025-04-04 06:00:00,Books,West,4,386.26,Cash,59.0,1545.04
TXN01839,2025-04-04 12:00:00,Home & Garden,North,1,375.11,Credit Card,62.0,375.11
TXN01840,2025-04-04 18:00:00,Electronics,Central,6,120.88,PayPal,67.0,725.28
TXN01841,2025-04-05 00:00:00,Books,West,5,34.66,Credit Card,33.0,173.3
TXN01842,2025-04-05 06:00:00,Electronics,East,6,261.21,Cash,71.0,1567.26
TXN01843,2025-04-05 12:00:00,Electronics,Central,3,66.59,Cash,34.0,199.77
TXN01844,2025-04-05 18:00:00,Home & Garden,West,2,481.29,Credit Card,39.0,962.58
TXN01845,2025-04-06 00:00:00,Sports,Central,6,148.51,PayPal,30.0,891.06
TXN01846,2025-04-06 06:00:00,Sports,South,1,427.21,PayPal,29.0,427.21
TXN01847,2025-04-06 12:00:00,Electronics,South,7,196.87,Cash,27.0,1378.09
TXN01848,2025-04-06 18:00:00,Clothing,North,7,164.98,PayPal,18.0,1154.86
TXN01849,2025-04-07 00:00:00,Books,North,7,467.9,Cash,49.0,3275.3
TXN01850,2025-04-07 06:00:00,Clothing,South,1,184.84,PayPal,47.0,184.84
TXN01851,2025-04-07 12:00:00,Clothing,Central,4,198.19,Cash,25.0,792.76
TXN01852,2025-04-07 18:00:00,Electronics,South,7,57.52,Debit Card,38.0,402.64
TXN01853,2025-04-08 00:00:00,Electronics,North,9,336.87,,39.0,3031.83
TXN01854,2025-04-08 06:00:00,Electronics,South,5,147.98,PayPal,35.0,739.9
TXN01855,2025-04-08 12:00:00,Electronics,South,2,294.87,PayPal,19.0,589.74
TXN01856,2025-04-08 18:00:00,Sports,Central,7,297.72,Credit Card,65.0,2084.04
TXN01857,2025-04-09 00:00:00,Electronics,West,1,361.0,PayPal,61.0,361.0
TXN01858,2025-04-09 06:00:00,Sports,North,7,373.89,Credit Card,26.0,2617.23
TXN01859,2025-04-09 12:00:00,Sports,Central,6,259.65,Credit Card,20.0,1557.9
TXN01860,2025-04-09 18:00:00,Electronics,South,7,168.84,Cash,71.0,1181.88
TXN01861,2025-04-10 00:00:00,Home & Garden,South,3,419.54,Credit Card,43.0,1258.62
TXN01862,2025-04-10 06:00:00,Books,West,3,158.38,Credit Card,38.0,475.14
TXN01863,2025-04-10 12:00:00,Clothing,North,7,256.22,Debit Card,,1793.54
TXN01864,2025-04-10 18:00:00,Sports,North,2,203.62,PayPal,45.0,407.24
TXN01865,2025-04-11 00:00:00,Books,East,1,428.26,Credit Card,53.0,428.26
TXN01866,2025-04-11 06:00:00,Home & Garden,North,9,218.8,PayPal,43.0,1969.2
TXN01867,2025-04-11 12:00:00,Clothing,West,9,196.12,Credit Card,51.0,1765.08
TXN01868,2025-04-11 18:00:00,Clothing,East,7,346.46,Cash,25.0,2425.22
TXN01869,2025-04-12 00:00:00,Sports,East,7,303.21,Debit Card,27.0,2122.47
TXN01870,2025-04-12 06:00:00,Electronics,South,3,58.09,Credit Card,65.0,174.27
TXN01871,2025-04-12 12:00:00,Home & Garden,South,2,256.54,PayPal,72.0,513.08
TXN01872,2025-04-12 18:00:00,Sports,North,7,369.06,Cash,60.0,2583.42
TXN01873,2025-04-13 00:00:00,Home & Garden,East,9,496.08,PayPal,67.0,4464.72
TXN01874,2025-04-13 06:00:00,Electronics,South,1,316.43,Cash,71.0,316.43
TXN01875,2025-04-13 12:00:00,Electronics,West,4,188.3,Debit Card,31.0,753.2
TXN01876,2025-04-13 18:00:00,Sports,South,6,116.95,Cash,57.0,701.7
TXN01877,2025-04-14 00:00:00,Electronics,South,7,437.05,PayPal,72.0,3059.35
TXN01878,2025-04-14 06:00:00,Books,East,7,408.21,PayPal,32.0,2857.47
TXN01879,2025-04-14 12:00:00,Clothing,East,2,120.79,,34.0,241.58
TXN01880,2025-04-14 18:00:00,Sports,Central,4,104.31,Cash,70.0,417.24
TXN01881,2025-04-15 00:00:00,Home & Garden,West,5,358.99,PayPal,35.0,1794.95
TXN01882,2025-04-15 06:00:00,Books,East,1,160.9,Credit Card,49.0,160.9
TXN01883,2025-04-15 12:00:00,Sports,North,1,156.67,Debit Card,55.0,156.67
TXN01884,2025-04-15 18:00:00,Electronics,West,3,80.38,PayPal,40.0,241.14
TXN01885,2025-04-16 00:00:00,Electronics,West,3,135.67,Credit Card,63.0,407.01
TXN01886,2025-04-16 06:00:00,Electronics,East,8,216.62,PayPal,40.0,1732.96
TXN01887,2025-04-16 12:00:00,Electronics,West,9,367.75,Cash,52.0,3309.75
TXN01888,2025-04-16 18:00:00,Home & Garden,East,1,171.47,Credit Card,56.0,171.47
TXN01889,2025-04-17 00:00:00,Books,South,2,167.66,Cash,32.0,335.32
TXN01890,2025-04-17 06:00:00,Clothing,Central,2,146.03,Debit Card,70.0,292.06
TXN01891,2025-04-17 12:00:00,Home & Garden,South,4,241.75,Cash,41.0,967.0
TXN01892,2025-04-17 18:00:00,Home & Garden,East,2,94.42,Credit Card,45.0,188.84
TXN01893,2025-04-18 00:00:00,Clothing,East,7,245.39,PayPal,33.0,1717.73
TXN01894,2025-04-18 06:00:00,Clothing,South,9,353.57,Credit Card,33.0,3182.13
TXN01895,2025-04-18 12:00:00,Electronics,North,7,19.75,Cash,57.0,138.25
TXN01896,2025-04-18 18:00:00,Home & Garden,North,6,9.84,Cash,56.0,59.04
TXN01897,2025-04-19 00:00:00,Sports,North,1,42.19,PayPal,23.0,42.19
TXN01898,2025-04-19 06:00:00,Clothing,East,9,270.15,Debit Card,19.0,2431.35
TXN01899,2025-04-19 12:00:00,Clothing,West,5,427.96,Credit Card,71.0,2139.8
TXN01900,2025-04-19 18:00:00,Books,East,5,7.42,PayPal,30.0,37.1
TXN01901,2025-04-20 00:00:00,Sports,West,6,468.65,PayPal,61.0,2811.9
TXN01902,2025-04-20 06:00:00,Sports,South,9,57.61,PayPal,64.0,518.49
TXN01903,2025-04-20 12:00:00,Clothing,Central,8,421.78,Credit Card,26.0,3374.24
TXN01904,2025-04-20 18:00:00,Electronics,West,8,244.01,Credit Card,51.0,1952.08
TXN01905,2025-04-21 00:00:00,Books,North,8,331.38,Credit Card,34.0,2651.04
TXN01906,2025-04-21 06:00:00,Sports,East,1,257.79,Debit Card,44.0,257.79
TXN01907,2025-04-21 12:00:00,Clothing,South,1,241.14,PayPal,46.0,241.14
TXN01908,2025-04-21 18:00:00,Sports,North,8,418.28,Cash,54.0,3346.24
TXN01909,2025-04-22 00:00:00,Books,South,5,379.16,Cash,60.0,1895.8
TXN01910,2025-04-22 06:00:00,Books,Central,9,244.28,PayPal,39.0,2198.52
TXN01911,2025-04-22 12:00:00,Home & Garden,East,2,60.26,Cash,68.0,120.52
TXN01912,2025-04-22 18:00:00,Clothing,East,9,62.12,Debit Card,41.0,559.08
TXN01913,2025-04-23 00:00:00,Books,Central,8,401.76,Debit Card,24.0,3214.08
TXN01914,2025-04-23 06:00:00,Home & Garden,East,9,267.05,Credit Card,51.0,2403.45
TXN01915,2025-04-23 12:00:00,Home & Garden,West,4,243.39,Credit Card,65.0,973.56
TXN01916,2025-04-23 18:00:00,Sports,South,1,341.88,,29.0,341.88
TXN01917,2025-04-24 00:00:00,Sports,North,1,430.13,Credit Card,40.0,430.13
TXN01918,2025-04-24 06:00:00,Home & Garden,Central,5,316.29,Credit Card,32.0,1581.45
TXN01919,2025-04-24 12:00:00,Sports,West,2,382.61,Cash,50.0,765.22
TXN01920,2025-04-24 18:00:00,Books,North,8,383.81,Cash,74.0,3070.48
TXN01921,2025-04-25 00:00:00,Electronics,North,5,181.35,Credit Card,30.0,906.75
TXN01922,2025-04-25 06:00:00,Books,Central,5,140.67,Debit Card,40.0,703.35
TXN01923,2025-04-25 12:00:00,Home & Garden,West,2,401.58,,55.0,803.16
TXN01924,2025-04-25 18:00:00,Home & Garden,North,7,191.7,Debit Card,49.0,1341.9
TXN01925,2025-04-26 00:00:00,Books,North,8,452.15,Debit Card,62.0,3617.2
TXN01926,2025-04-26 06:00:00,Sports,West,1,39.5,PayPal,67.0,39.5
TXN01927,2025-04-26 12:00:00,Sports,East,2,33.82,PayPal,52.0,67.64
TXN01928,2025-04-26 18:00:00,Home & Garden,North,4,463.87,Credit Card,18.0,1855.48
TXN01929,2025-04-27 00:00:00,Clothing,South,5,325.99,Debit Card,64.0,1629.95
TXN01930,2025-04-27 06:00:00,Sports,West,2,192.9,Cash,62.0,385.8
TXN01931,2025-04-27 12:00:00,Books,North,1,378.75,PayPal,22.0,378.75
TXN01932,2025-04-27 18:00:00,Sports,Central,9,337.8,PayPal,74.0,3040.2
TXN01933,2025-04-28 00:00:00,Books,South,1,267.94,Debit Card,30.0,267.94
TXN01934,2025-04-28 06:00:00,Home & Garden,North,4,53.94,PayPal,71.0,215.76
TXN01935,2025-04-28 12:00:00,Sports,South,2,407.03,PayPal,22.0,814.06
TXN01936,2025-04-28 18:00:00,Books,South,4,433.68,Cash,49.0,1734.72
TXN01937,2025-04-29 00:00:00,Home & Garden,East,8,90.22,Debit Card,68.0,721.76
TXN01938,2025-04-29 06:00:00,Clothing,South,8,426.0,PayPal,38.0,3408.0
TXN01939,2025-04-29 12:00:00,Books,East,9,439.53,Debit Card,41.0,3955.77
TXN01940,2025-04-29 18:00:00,Clothing,West,5,276.97,PayPal,35.0,1384.85
TXN01941,2025-04-30 00:00:00,Clothing,East,7,329.81,Cash,38.0,2308.67
TXN01942,2025-04-30 06:00:00,Electronics,Central,3,194.21,Debit Card,71.0,582.63
TXN01943,2025-04-30 12:00:00,Sports,North,4,144.49,PayPal,27.0,577.96
TXN01944,2025-04-30 18:00:00,Books,West,9,362.38,Cash,41.0,3261.42
TXN01945,2025-05-01 00:00:00,Clothing,West,1,431.63,PayPal,57.0,431.63
TXN01946,2025-05-01 06:00:00,Electronics,Central,2,328.77,Debit Card,64.0,657.54
TXN01947,2025-05-01 12:00:00,Home & Garden,East,5,258.24,PayPal,38.0,1291.2
TXN01948,2025-05-01 18:00:00,Books,North,3,83.67,,42.0,251.01
TXN01949,2025-05-02 00:00:00,Clothing,East,2,31.46,Debit Card,69.0,62.92
TXN01950,2025-05-02 06:00:00,Sports,South,1,225.62,PayPal,74.0,225.62
TXN01951,2025-05-02 12:00:00,Electronics,East,3,29.43,Cash,40.0,88.29
TXN01952,2025-05-02 18:00:00,Clothing,West,1,286.82,Credit Card,39.0,286.82
TXN01953,2025-05-03 00:00:00,Sports,North,1,194.45,Cash,21.0,194.45
TXN01954,2025-05-03 06:00:00,Clothing,East,1,379.81,,51.0,379.81
TXN01955,2025-05-03 12:00:00,Books,North,8,156.3,PayPal,73.0,1250.4
TXN01956,2025-05-03 18:00:00,Books,North,3,298.53,Cash,23.0,895.59
TXN01957,2025-05-04 00:00:00,Books,South,1,271.15,Cash,45.0,271.15
TXN01958,2025-05-04 06:00:00,Electronics,South,7,7.33,Credit Card,48.0,51.31
TXN01959,2025-05-04 12:00:00,Books,West,3,40.83,Cash,,122.49
TXN01960,2025-05-04 18:00:00,Sports,Central,8,148.73,Credit Card,56.0,1189.84
TXN01961,2025-05-05 00:00:00,Clothing,North,4,441.71,PayPal,59.0,1766.84
TXN01962,2025-05-05 06:00:00,Home & Garden,Central,4,77.77,Credit Card,40.0,311.08
TXN01963,2025-05-05 12:00:00,Sports,West,5,356.89,Debit Card,23.0,1784.45
TXN01964,2025-05-05 18:00:00,Sports,North,6,486.82,Debit Card,33.0,2920.92
TXN01965,2025-05-06 00:00:00,Books,North,7,396.33,Credit Card,19.0,2774.31
TXN01966,2025-05-06 06:00:00,Electronics,Central,4,125.26,Debit Card,41.0,501.04
TXN01967,2025-05-06 12:00:00,Clothing,East,8,454.64,PayPal,34.0,3637.12
TXN01968,2025-05-06 18:00:00,Electronics,South,6,51.09,Debit Card,62.0,306.54
TXN01969,2025-05-07 00:00:00,Clothing,East,1,236.73,Credit Card,18.0,236.73
TXN01970,2025-05-07 06:00:00,Clothing,Central,1,444.33,PayPal,23.0,444.33
TXN01971,2025-05-07 12:00:00,Electronics,South,9,322.43,Debit Card,22.0,2901.87
TXN01972,2025-05-07 18:00:00,Sports,East,6,209.75,PayPal,74.0,1258.5
TXN01973,2025-05-08 00:00:00,Clothing,South,8,149.94,Credit Card,62.0,1199.52
TXN01974,2025-05-08 06:00:00,Electronics,North,7,190.67,Debit Card,72.0,1334.69
TXN01975,2025-05-08 12:00:00,Clothing,East,6,256.93,PayPal,67.0,1541.58
TXN01976,2025-05-08 18:00:00,Home & Garden,South,4,162.93,PayPal,46.0,651.72
TXN01977,2025-05-09 00:00:00,Sports,South,7,484.64,Debit Card,29.0,3392.48
TXN01978,2025-05-09 06:00:00,Books,South,9,466.87,PayPal,56.0,4201.83
TXN01979,2025-05-09 12:00:00,Clothing,East,7,435.98,PayPal,64.0,3051.86
TXN01980,2025-05-09 18:00:00,Home & Garden,West,1,213.81,Credit Card,20.0,213.81
TXN01981,2025-05-10 00:00:00,Books,East,9,347.19,,65.0,3124.71
TXN01982,2025-05-10 06:00:00,Books,Central,4,451.9,Credit Card,18.0,1807.6
TXN01983,2025-05-10 12:00:00,Clothing,East,3,425.96,Credit Card,44.0,1277.88
TXN01984,2025-05-10 18:00:00,Electronics,South,4,210.09,Credit Card,65.0,840.36
TXN01985,2025-05-11 00:00:00,Clothing,North,4,60.63,Credit Card,41.0,242.52
TXN01986,2025-05-11 06:00:00,Home & Garden,East,2,42.44,Debit Card,61.0,84.88
TXN01987,2025-05-11 12:00:00,Books,East,1,290.65,Credit Card,36.0,290.65
TXN01988,2025-05-11 18:00:00,Clothing,South,1,323.1,PayPal,25.0,323.1
TXN01989,2025-05-12 00:00:00,Electronics,North,8,425.67,Debit Card,72.0,3405.36
TXN01990,2025-05-12 06:00:00,Clothing,North,2,149.79,PayPal,61.0,299.58
TXN01991,2025-05-12 12:00:00,Sports,Central,5,87.9,Credit Card,64.0,439.5
TXN01992,2025-05-12 18:00:00,Electronics,East,4,192.61,Credit Card,19.0,770.44
TXN01993,2025-05-13 00:00:00,Home & Garden,North,8,180.02,PayPal,47.0,1440.16
TXN01994,2025-05-13 06:00:00,Books,North,2,70.57,PayPal,47.0,141.14
TXN01995,2025-05-13 12:00:00,Clothing,West,9,337.78,PayPal,66.0,3040.02
TXN01996,2025-05-13 18:00:00,Electronics,West,7,256.8,Cash,56.0,1797.6
TXN01997,2025-05-14 00:00:00,Sports,North,7,361.96,Cash,62.0,2533.72
TXN01998,2025-05-14 06:00:00,Electronics,Central,1,179.58,Cash,49.0,179.58
TXN01999,2025-05-14 12:00:00,Sports,North,2,166.22,Cash,18.0,332.44
TXN02000,2025-05-14 18:00:00,Home & Garden,South,4,238.93,Debit Card,55.0,955.72
